SUBSYSTEM,TESTPACK,MOUNTING ON ISO/EQUI/PACK,ON,TAG INST E3D,TAG INST,INSTRUMENT TYPE,SCOPE BY,TEIGA-TMI,INSTALLED (TEIGA-TMI),DATE1,SIEMSA,INSTALLED (SIEMSA),DATE2,WITH & WITHOUT SIGNAL
V6-10001-01,1017|159,A10001-100-V6-101299-U1CD2B-CC_01,PIP,/Z-101233C,Z-101233C,CV - Valvula de control,TEIGA-TMI,NOT,,,NOT (INTEGRADA A VÁLVULA),,,NOT
V6-00000-01,1019|159,A10001-80-V6-103504-U1CD2B-CC_01,PIP,/CV-103505A,CV-103505A,CV - Valvula de control,TEIGA-TMI,YES,,,NOT,,,NOT
V6-00000-01,1019|159,A10001-80-V6-103504-U1CD2B-CC_01,PIP,/CV-103505B,CV-103505B,CV - Valvula de control,TEIGA-TMI,YES,,,NOT,,,YES
V6-00000-01,1020|159,A10001-80-V6-104105-U1CD2B-CC_01,PIP,/CV-104119,CV-104119,CV - Valvula de control,TEIGA-TMI,YES,,,NOT,,,YES
V6-00000-01,117|159,A10003-150-V6-105354-U1CD2B-CC_01,PIP,/CV-105355,CV-105355,CV - Valvula de control,TEIGA-TMI,YES,,,NOT,,,NOT
V6-00000-01,1042|159,A10003-100-V6-105557-U1CD2B-CC_01,PIP,/CV-105553,CV-105553,CV - Valvula de control,TEIGA-TMI,YES,,,NOT,,,NOT
V6-00000-01,1019|159,A10001-80-V6-103504-U1CD2B-CC_01,PIP,/FI-103503,FI-103503,CV - Valvula de control,TEIGA-TMI,YES,,,NOT,,,YES
V6-00000-01,117|159,A10003-150-V6-105354-U1CD2B-CC_01,PIP,/FICX-105352,FICX-105352,CV - Valvula de control,TEIGA-TMI,YES,,,NOT,,,NOT
V6-00000-01,1042|159,A10003-100-V6-105557-U1CD2B-CC_01,PIP,/FICX-105551,FICX-105551,CV - Valvula de control,TEIGA-TMI,YES,,,NOT,,,NOT
V6-00000-01,1020|159,A10001-80-V6-104105-U1CD2B-CC_01,PIP,/FICXA-104118,FICXA-104118,CV - Valvula de control,TEIGA-TMI,YES,,,NOT,,,NOT
V6-00000-01,159,PR18-250-V6-92199-U1CD2B-CC_01,PIP,/FIQ-101102,FIQ-101102,CV - Valvula de control,TEIGA-TMI,YES,,,NOT,,,NOT
V6-00000-01,1019|159,A10001-80-V6-103504-U1CD2B-CC_01,PIP,/HXSV-103507,HXSV-103507,CV - Valvula de control,TEIGA-TMI,YES,,,NOT,,,NOT
V6-00000-01,117|159,A10003-150-V6-105354-U1CD2B-CC_01,PIP,/HXSV-105359,HXSV-105359,CV - Valvula de control,TEIGA-TMI,YES,,,NOT,,,NOT
CIPA-10001-02,NOT_APPLY,Z-1049,PACK,/CV-104937,CV-104937,CV - Valvula de control,TEIGA-TMI,YES,,,NOT,,,NOT
V6-00000-01,1042|159,A10003-100-V6-105557-U1CD2B-CC_01,PIP,/HXSV-105554,HXSV-105554,CV - Valvula de control,TEIGA-TMI,YES,,,NOT,,,NOT
V6-00000-01,1019|159,A10001-80-V6-103504-U1CD2B-CC_01,PIP,/PI-103506,PI-103506,CV - Valvula de control,SIEMSA,NOT,,,YES,,,NOT
V6-00000-01,159,PR18-250-V6-92199-U1CD2B-CC_01,PIP,/PIA-101101,PIA-101101,CV - Valvula de control,SIEMSA,NOT,,,YES,,,NOT
V6-00000-01,1020|159,A10001-80-V6-104105-U1CD2B-CC_01,PIP,/PIA-104106,PIA-104106,CV - Valvula de control,SIEMSA,NOT,,,YES,,,NOT
V6-00000-01,117|159,A10003-150-V6-105354-U1CD2B-CC_01,PIP,/PIA-105351,PIA-105351,CV - Valvula de control,SIEMSA,NOT,,,YES,,,NOT
V6-00000-01,1042|159,A10003-100-V6-105557-U1CD2B-CC_01,PIP,/PIA-105555,PIA-105555,CV - Valvula de control,SIEMSA,NOT,,,YES,,,NOT
V6-00000-01,159,PR18-250-V6-92199-U1CD2B-CC_01,PIP,/TI-101104,TI-101104,CV - Valvula de control,SIEMSA,NOT (SOLO TERMOPOZO),,,YES,,,NOT
V6-00000-01,1019|159,A10001-80-V6-103504-U1CD2B-CC_01,PIP,/Z-103507A,Z-103507A,CV - Valvula de control,TEIGA-TMI,NOT,,,NOT (INTEGRADA A VÁLVULA),,,NOT
V6-00000-01,1019|159,A10001-80-V6-103504-U1CD2B-CC_01,PIP,/Z-103507C,Z-103507C,CV - Valvula de control,TEIGA-TMI,NOT,,,NOT (INTEGRADA A VÁLVULA),,,NOT
V6-00000-01,117|159,A10003-150-V6-105354-U1CD2B-CC_01,PIP,/Z-105359A,Z-105359A,CV - Valvula de control,TEIGA-TMI,NOT,,,NOT (INTEGRADA A VÁLVULA),,,NOT
V6-00000-01,117|159,A10003-150-V6-105354-U1CD2B-CC_01,PIP,/Z-105359C,Z-105359C,CV - Valvula de control,TEIGA-TMI,NOT,,,NOT (INTEGRADA A VÁLVULA),,,NOT
V6-00000-01,1042|159,A10003-100-V6-105557-U1CD2B-CC_01,PIP,/Z-105554A,Z-105554A,CV - Valvula de control,TEIGA-TMI,NOT,,,NOT (INTEGRADA A VÁLVULA),,,NOT
V6-00000-01,1042|159,A10003-100-V6-105557-U1CD2B-CC_01,PIP,/Z-105554C,Z-105554C,CV - Valvula de control,TEIGA-TMI,NOT,,,NOT (INTEGRADA A VÁLVULA),,,NOT
SSAM-10004-01,124|44,A10001-25-SSAM-103622-U4BC1B-PP_01,PIP,/CV-103697,CV-103697,CV - Valvula de control,TEIGA-TMI,YES,,,NOT,,,NOT
SSAM-10004-01,118,A10004-150-SSAM-108821-U4BC1B-CC_01,PIP,/CV-108825,CV-108825,CV - Valvula de control,TEIGA-TMI,YES,,,NOT,,,NOT
SSAM-10004-01,124|44,A10001-25-SSAM-103622-U4BC1B-PP_01,PIP,/FI-103621,FI-103621,CV - Valvula de control,TEIGA-TMI,YES,,,NOT,,,NOT
SSAM-10004-01,118,A10004-150-SSAM-108821-U4BC1B-CC_01,PIP,/FIQCX-108824,FIQCX-108824,CV - Valvula de control,TEIGA-TMI,YES,,,NOT,,,NOT
