subsystem,total_insulation,done_insulation,pending_insulation,total_loop,done_loop,pending_loop,n_distinct_tps,list_includes_tp_id,list_id_tp_total_progress,total_inst,done_inst,pending_inst,total_tracing,done_tracing,pending_tracing,total_punch,pending_punch,close_punch,open_punch,fluid_subsystem,hito_isos,total_items,done_items,pending_items,avg_progress_subsystem,psv_total,psv_calibrated,psv_to_calibrate,motor_tot,motor_solo_run_done,solo_run_pending,id,type_1,type_2,description,unit
ACL-00000-01,6,0,6,5,4,1,5,1030|1043|1045|1077|1079,1.00|1.00|1.00|1.00|1.00,4,0,4,9,6,3,,,,,ACL,HITO 3,24,10,14,41.66666666666667,0,0,0,0,0,0,#001,PROCESS ,UTILITIES,Distribucion agua caliente de lavados,00000 Utilities
ACL-10001-01,124,10,114,9,0,9,3,23|26|1005,0.58|0.50|0.99,13,3,10,34,5,29,,,,,ACL,HITO 3,180,18,162,10,0,0,0,0,0,0,#002,PROCESS ,UTILITIES,Agua caliente de lavados A10001,10001 Edificio HMBI
ACL-10001-02,2,0,2,3,0,3,1,1006,1,4,0,4,3,0,3,,,,,ACL,HITO 3,12,0,12,0,0,0,0,0,0,0,#003,PROCESS ,UTILITIES,Agua caliente de lavados A10001 (2),10001 Edificio HMBI
ACL-10003-01,6,0,6,,,,1,1029,1,,,,11,0,11,,,,,ACL,HITO 3,17,0,17,0,0,0,0,0,0,0,#004,PROCESS ,UTILITIES,Agua caliente de lavados A10003,10003 Edificio IPA
ACL-10005-01,6,0,6,,,,1,1078,1,,,,6,0,6,,,,,ACL,HITO 3,12,0,12,0,0,0,0,0,0,0,#005,PROCESS ,UTILITIES,Agua caliente de lavados A10005,10005 Alm. HMBI
ACL-A6001-01,1,1,0,,,,1,1061,1,,,,1,1,0,,,,,ACL,HITO 3,2,2,0,100,0,0,0,0,0,0,#006,PROCESS ,UTILITIES,Agua caliente de lavados A6000,06000 Edificio area 6000
ACL-PR18-01,3,0,3,,,,5,1005|1029|1078|1079|1099,1.00|1.00|1.00|1.00|0.80,1,0,1,6,2,4,,,,,ACL,HITO 3,10,2,8,20,0,0,0,0,0,0,#007,PROCESS ,UTILITIES,Agua caliente de lavados PR18/19,Interconexion
AGL-10005-01,30,0,30,42,21,21,8,6|7|57|1091|2002|2010|2052|2053,0.99|0.93|1.00|1.00|0.60|1.00|0.79|0.64,31,6,25,,,,,,,,AGL,HITO 6,103,27,76,26.21359223300971,1,0,1,4,2,2,#008,PROCESS ,UTILITIES,Agua glicolada y lineas asociadas,10005 Alm. HMBI
AP-00000-01,1,0,1,1,0,1,7,1007|1031|1052|1082|1083|1084|1100,0.88|1.00|1.00|1.00|1.00|1.00|1.00,,,,22,0,22,,,,,AP,HITO 5,24,0,24,0,0,0,0,0,0,0,#009,PROCESS ,UTILITIES,Agua potable (colector),00000 Utilities
AR-00000-01,11,7,4,9,0,9,13,1012|1014|1015|1016|1037|1038|1091|1095|1096|1106|1107|1108|1109,1.00|1.00|1.00|1.00|1.00|1.00|1.00|1.00|1.00|1.00|1.00|1.00|1.00,12,7,5,,,,,,,,AR,HITO 2,32,14,18,43.75,0,0,0,0,0,0,#011,PROCESS ,UTILITIES,Agua refrigeracion (colector),00000 Utilities
AR-00000-02,11,7,4,4,0,4,3,1012|1013|1109,1.00|1.00|1.00,8,2,6,,,,,,,,AR,HITO 8,23,9,14,39.130434782608695,0,0,0,0,0,0,#012,PROCESS ,UTILITIES,"Agua refrigeracion 
(subcolectores A10001 alto)",00000 Utilities
AR-00000-04,1,0,1,,,,7,1092|1093|1094|1095|1096|1097|1098,1.00|1.00|1.00|1.00|1.00|0.93|1.00,,,,,,,,,,,AR,HITO 5,1,0,1,0,0,0,0,0,0,0,#014,PROCESS ,UTILITIES,"Agua refrigeracion 
(subcolectores A10003)",00000 Utilities
AR-00000-05,4,0,4,,,,1,1038,0.98,2,0,2,,,,,,,,AR,HITO 8,6,0,6,0,0,0,0,0,0,0,#015,PROCESS ,UTILITIES,"Agua refrigeracion 
(subcolectores A10005)",00000 Utilities
AR-PR11-01,12,0,12,,,,4,1012|1013|1037|1109,1.00|1.00|1.00|1.00,1,0,1,,,,,,,,AR,HITO 2,13,0,13,0,0,0,0,0,0,0,#017,PROCESS ,UTILITIES,Agua refrigeracion PR11,09000 Cooling tower
ASUN-A1200-01,3,0,3,9,0,9,1,132,1,,,,3,1,2,,,,,ASUN,HITO 5,15,1,14,6.666666666666667,0,0,0,0,0,0,#031,PROCESS ,UTILITIES,Acido sulfurico A1200,Interconexion
ASUN-PR18-01,4,0,4,3,0,3,2,50|132,1.00|1.00,12,1,11,4,0,4,,,,,ASUN,HITO 7,23,1,22,4.3478260869565215,0,0,0,0,0,0,#032,PROCESS ,UTILITIES,Acido sulfurico PR18,Interconexion existente
AT97-A6001-01,16,6,10,45,26,19,8,52|139|140|141|142|143|144|148,1.00|1.00|1.00|1.00|1.00|1.00|1.00|1.00,41,6,35,10,5,5,6,0,0,0,AT97,HITO 5,118,43,69,36.440677966101696,0,0,0,2,0,2,#037,PROCESS ,UTILITIES,Importacion AT97,10003 Edificio IPA
C6-00000-01,5,0,5,,,,2,65|1044,0.87|1.00,,,,,,,,,,,C6,HITO 6,5,0,5,0,0,0,0,0,0,0,#038,PROCESS ,UTILITIES,Condensados general,Interconexion
C6-10001-01,6,0,6,,,,2,65|1020,1.00|0.85,,,,,,,,,,,C6,HITO 6,6,0,6,0,0,0,0,0,0,0,#039,PROCESS ,UTILITIES,Condensados A10001,06000 Edificio area 6000
C6-10001-03,4,0,4,,,,1,1021,0.69,,,,,,,,,,,C6,HITO 6,4,0,4,0,0,0,0,0,0,0,#041,PROCESS ,UTILITIES,Condensados A10001 (2),10001 Edificio HMBI
CHMB-10001-01,13,0,13,37,0,37,5,17|23|34|55|1021,0.83|0.70|0.69|1.00|0.78,34,0,34,,,,,,,,CHMB,HITO 8,84,0,84,0,2,0,2,2,0,2,#043,PROCESS ,PROCESS ,HMBI crudo A10001 reactor 1,10001 Edificio HMBI
CHMB-10001-02,19,0,19,70,9,61,7,1|2|18|23|34|55|1021,0.96|1.00|0.82|0.62|0.65|1.00|0.50,56,2,54,1,0,1,,,,,CHMB,HITO 8,146,11,135,7.534246575342466,2,0,2,4,1,3,#044,PROCESS ,PROCESS ,HMBI crudo A10001 reactor 2,Interconexion
CHMB-10001-03,4,0,4,19,6,13,1,4,1,17,2,15,3,0,3,,,,,CHMB,HITO 7,43,8,35,18.60465116,0,0,0,0,0,0,#045,PROCESS ,PROCESS ,HMBI crudo A10001 reciclo pesados a esterificacion,10001 Edificio HMBI
CHMB-10001-04,21,0,21,36,8,28,9,5|34|41|53|159|1013|1021|1024|2011,0.62|0.92|0.41|1.00|0.54|1.00|0.70|0.54|1.00,31,0,31,,,,,,,,CHMB,HITO 8,88,8,80,9.090909090909092,2,0,2,2,1,1,#046,PROCESS ,PROCESS ,Recipiente HMBI bruto,10001 Edificio HMBI
CIPA-10001-01,19,0,19,24,8,16,10,12|17|18|24|34|38|45|53|55|67,0.91|0.70|0.65|0.68|0.40|1.00|1.00|1.00|1.00|0.88,15,0,15,,,,,,,,CIPA,HITO 8,58,8,50,13.793103448275861,1,0,1,2,1,1,#047,PROCESS ,PROCESS ,Recipiente recoleccion IPA a destilacion,10001 Edificio HMBI
CIPA-10001-03,1,0,1,13,0,13,2,29|38,1.00|0.47,12,3,9,,,,,,,,CIPA,HITO 8,26,3,23,11.538461538461538,0,0,0,0,0,0,#049,PROCESS ,PROCESS ,Paquete Z-1049,10001 Edificio HMBI
CYH-10003-01,5,0,5,15,0,15,4,86|107|108|2061,0.84|0.93|0.77|0.83,18,0,18,5,0,5,,,,,CYH,HITO 7,43,0,43,0,1,0,1,1,0,1,#050,PROCESS ,PROCESS ,Caseta Ciclohexano,10001 Edificio HMBI
CYH-10004-01,6,0,6,21,18,3,2,86|119,1.00|1.00,21,3,18,5,0,5,4,4,0,0,CYH,HITO 4,57,21,36,36.84210526315789,0,0,0,0,0,0,#051,PROCESS ,PROCESS ,Sitema Ciclohexano Area 10004,10001 Edificio HMBI
EFL-10001-01,35,1,34,,,,12,1|3|5|11|15|23|27|46|47|51|155|156,0.70|0.52|0.50|0.70|0.79|0.41|0.97|0.68|0.75|0.61|0.77|0.73,,,,1,0,1,,,,,EFL,HITO 7,36,1,35,2.7777777777777777,0,0,0,0,0,0,#059,PROCESS ,UTILITIES,Sistema de drenajes EFL-1,10001 Edificio HMBI
EFL-10001-02,32,1,31,,,,21,1|3|4|5|8|9|10|11|12|15|23|44|45|46|47|49|51|121|123|155|156,0.50|0.70|0.80|0.70|0.70|0.88|0.70|0.70|0.62|0.92|0.66|0.70|0.65|0.70|0.99|0.75|0.99|1.00|1.00|0.64|0.63,,,,1,0,1,,,,,EFL,HITO 6,33,1,32,3.0303030303030303,0,0,0,0,0,0,#060,PROCESS ,UTILITIES,Sistema de drenajes EFL-2,10001 Edificio HMBI
EFL-10001-03,13,2,11,1,0,1,17,58|1020|1021|1023|1025|2003|2004|2005|2006|2007|2008|2015|2024|2029|2030|2031|2051,0.97|0.40|0.40|0.72|1.00|1.00|0.86|1.00|0.70|1.00|0.95|0.77|0.92|1.00|0.97|0.98|0.75,1,0,1,2,0,2,,,,,EFL,HITO 7,17,2,15,11.76470588235294,1,0,1,0,0,0,#062,PROCESS ,UTILITIES,Drenajes abiertos de edificio HMBI,10003 Edificio IPA
EFL-10003-01,16,0,16,6,6,0,14,75|77|80|82|84|88|91|99|102|103|106|109|110|119,1.00|0.60|0.98|1.00|0.70|0.67|0.70|0.67|0.70|0.70|0.80|1.00|0.90|1.00,7,0,7,,,,,,,,EFL,HITO 6,29,6,23,20.689655172413794,0,0,0,0,0,0,#055,PROCESS ,UTILITIES,Sistema de drenajes EFL-3,10004 Alm. IPA-SSAM
EFL-10003-02,8,0,8,3,0,3,2,109|146,0.90|1.00,6,0,6,4,0,4,1,0,0,1,EFL,HITO 5,22,0,21,0,0,0,0,0,0,0,#054,PROCESS ,UTILITIES,NEW (last sub-system version),10004 Alm. IPA-SSAM
EFL-10003-05,3,0,3,,,,6,99|1040|1041|2036|2043|2045,0.70|1.00|0.70|1.00|0.70|1.00,,,,,,,,,,,EFL,HITO 5,3,0,3,0,0,0,0,0,0,0,#065,PROCESS ,UTILITIES,Drenajes abiertos de edificio IPA,10003 Edificio IPA
EFL-10003-06,22,8,14,53,20,33,10,66|77|81|89|106|109|111|1040|2038|2040,0.79|0.79|1.00|1.00|1.00|0.70|1.00|1.00|0.90|0.94,36,6,30,3,0,3,,,,,EFL,HITO 7,114,34,80,29.82456140350877,2,0,2,2,0,2,#056,PROCESS ,UTILITIES,Segunda columna de destilacion y elementos asociados,10001 Edificio HMBI
EFL-10005-01,3,0,3,1,0,1,4,158|2058|2059|2060,1.00|1.00|0.92|1.00,4,0,4,,,,,,,,EFL,HITO 6,8,0,8,0,0,0,0,0,0,0,#061,PROCESS ,UTILITIES,Bomba B-10886 y elementos asociados,10003 Edificio IPA
EFL-A2001-01,3,3,0,6,0,6,7,130|133|134|136|137|1058|2050,1.00|0.98|0.93|1.00|1.00|1.00|1.00,5,0,5,3,3,0,,,,,EFL,HITO 2,17,6,11,35.294117647058826,0,0,0,0,0,0,#069,PROCESS ,UTILITIES,Recipiente R-8353 y elementos asociados,08000 Vent network
EFL-A6001-01,3,1,2,,,,2,140|141,1.00|1.00,,,,,,,,,,,EFL,HITO 4,3,1,2,33.33333333333333,0,0,0,0,0,0,#066,PROCESS ,UTILITIES,Lineas de efluentes en area 6000,10003 Edificio IPA
EFL-A6001-02,2,2,0,,,,1,133,1,,,,2,2,0,,,,,EFL,HITO 2,4,4,0,100,0,0,0,0,0,0,#053,PROCESS ,UTILITIES,Empuje neumatico desde UXX834,10003 Edificio IPA
EFL-A8001-01,3,3,0,7,0,7,1,145,1,9,1,8,4,4,0,,,,,EFL,HITO 5,23,8,15,34.78260869565217,0,0,0,0,0,0,#071,PROCESS ,UTILITIES,Recogida efluentes UXX838,06000 Edificio area 6000
EFL-A8004-01,3,1,2,8,0,8,1,131,1,9,1,8,3,3,0,,,,,EFL,HITO 4,23,5,18,21.73913043478261,0,0,0,0,0,0,#068,PROCESS ,UTILITIES,Empuje neumatico desde UXX837/UXX838,10005 Alm. HMBI
EFL-A8004-02,3,2,1,7,6,1,1,147,1,8,3,5,5,5,0,,,,,EFL,HITO 5,23,16,7,69.56521739130434,0,0,0,0,0,0,#072,PROCESS ,UTILITIES,Recogida efluentes UXX837,08000 Vent network
HMBC-10001-01,17,3,14,33,8,25,7,11|16|54|159|1018|1021|2020,0.77|1.00|1.00|0.94|0.94|0.40|1.00,27,4,23,,,,,,,,HMBC,HITO 8,77,15,62,19.480519480519483,1,0,1,2,1,1,#073,PROCESS ,PROCESS ,Evaporador IPA,08000 Vent network
HMBH-10005-01,16,9,7,38,26,12,9,149|150|151|153|154|157|1092|1098|2055,1.00|0.99|0.92|1.00|1.00|0.70|1.00|1.00|0.70,38,5,33,4,0,4,,,,,HMBH,HITO 7,96,40,56,41.66666666666667,1,0,1,1,0,1,#074,PROCESS ,PROCESS ,Almacenamiento pesados,08000 Vent network
HMBI-10001-01,21,6,15,42,6,36,7,36|53|1002|1004|1072|2022|2023,0.53|1.00|0.98|0.60|0.89|1.00|1.00,44,3,41,5,0,5,,,,,HMBI,HITO 6,112,15,97,13.392857142857142,4,0,4,2,0,2,#079,PROCESS ,PROCESS ,Sistema de acumulacion temporal de HMBI y lineas asociadas,10001 Edificio HMBI
HMBI-10001-02,29,3,26,65,15,50,16,14|30|34|43|44|46|53|61|103|1001|1003|1006|1013|1068|1101|2027,0.87|0.96|0.60|0.45|1.00|0.70|1.00|1.00|1.00|0.86|0.94|1.00|1.00|1.00|1.00|0.88,60,4,56,4,0,4,,,,,HMBI,HITO 7,158,22,136,13.924050632911392,1,0,1,2,0,2,#077,PROCESS ,PROCESS ,Filtro rotativo; recipiente filtrato; recipiente torta; y lineas asociadas,10005 Alm. HMBI
HMBI-10001-03,31,5,26,59,12,47,14,3|4|22|49|53|54|152|1001|1014|1020|1110|2013|2014|2025,0.91|0.63|1.00|0.64|1.00|1.00|0.78|0.49|1.00|0.77|1.00|0.63|0.98|1.00,52,3,49,3,0,3,,,,,HMBI,HITO 7,145,20,125,13.793103448275861,3,0,3,1,0,1,#075,PROCESS ,PROCESS ,Evaporador de pelicula fina; condensador; pesados; y lineas asociadas,08000 Vent network
HMBI-10001-04,14,1,13,72,3,69,12,12|13|25|28|29|31|38|39|69|70|2016|2017,1.00|0.96|0.40|0.40|1.00|0.70|0.74|0.60|1.00|0.84|0.45|0.40,84,26,58,5,0,5,,,,,HMBI,HITO 7,175,30,145,17.142857142857142,2,0,2,1,0,1,#076,PROCESS ,PROCESS ,Paquete Z-1032 y lineas asociadas,10001 Edificio HMBI
HMBI-10005-01,20,6,14,62,20,42,14,17|52|154|157|1002|1027|1028|1055|1064|1068|1071|1073|1105|2054,0.91|1.00|1.00|1.00|1.00|0.85|1.00|1.00|1.00|0.98|0.92|0.96|1.00|1.00,64,9,55,11,0,11,,,,,HMBI,HITO 7,157,35,122,22.29299363057325,1,0,1,1,0,1,#078,PROCESS ,PROCESS ,Almacenamiento de HMBI off-spec y lineas asociadas,10001 Edificio HMBI
HMBI-10005-02,3,1,2,19,7,12,3,153|1075|1076,1.00|1.00|1.00,17,0,17,,,,,,,,HMBI,HITO 5,39,8,31,20.51282051282051,0,0,0,0,0,0,#080,PROCESS ,PROCESS ,Brazo de carga de HMBI off-spec/pesados,10001 Edificio HMBI
HMBI-10005-03,18,6,12,67,42,25,9,154|157|1065|1066|1067|1069|1070|1074|2056,1.00|1.00|1.00|1.00|1.00|1.00|1.00|1.00|1.00,58,12,46,2,0,2,,,,,HMBI,HITO 5,145,60,85,41.37931034482759,1,0,1,4,0,4,#081,PROCESS ,PROCESS ,Almacenamiento de HMBI y lineas asociadas,10001 Edificio HMBI
HMBI-PR11-01,9,1,8,7,0,7,3,1054|1056|1066,1.00|1.00|1.00,10,1,9,9,7,2,,,,,HMBI,HITO 5,35,9,26,25.71428571428571,1,0,1,0,0,0,#082,PROCESS ,PROCESS ,Linea de HMBI sobre PR11,10005 Alm. HMBI
HMBN-10001-01,15,4,11,46,8,38,4,8|32|42|1013,0.86|0.77|0.50|1.00,37,3,34,1,0,1,,,,,HMBN,HITO 7,99,15,84,15.151515151515152,2,0,2,3,1,2,#084,PROCESS ,PROCESS ,Reactor neutralizacion,10005 Alm. HMBI
HMBN-10001-02,14,3,11,65,11,54,6,10|19|53|1015|1023|2026,0.87|1.00|1.00|1.00|0.85|1.00,36,2,34,,,,,,,,HMBN,HITO 8,115,16,99,13.91304347826087,2,0,2,6,3,3,#085,PROCESS ,PROCESS ,Recipiente evaporacion agua,10005 Alm. HMBI
INC-10001-01,12,1,11,5,0,5,7,34|35|96|97|99|123|160,0.86|0.76|0.70|0.84|0.67|1.00|1.00,12,1,11,,,,,,,,INC,HITO 6,29,2,27,6.896551724137931,0,0,0,0,0,0,#089,PROCESS ,PROCESS ,Venteos gaseosos con blanketing,10001 Edificio HMBI
INC-10001-02,14,3,11,32,12,20,7,12|37|40|53|68|79|2021,0.80|0.98|0.57|1.00|0.78|0.92|0.93,20,5,15,1,0,1,,,,,INC,HITO 7,67,20,47,29.850746268656714,1,0,1,2,1,1,#087,PROCESS ,PROCESS ,Recipiente recogida efluentes gaseosos y lineas asociadas,10001 Edificio HMBI
INC-10001-04,11,3,8,12,0,12,6,11|20|33|53|134|2019,0.50|0.96|0.70|1.00|1.00|0.88,12,0,12,,,,,,,,INC,HITO 6,35,3,32,8.571428571428571,1,0,1,0,0,0,#086,PROCESS ,PROCESS ,Condensacion de IPA en evaporacion IPA/agua,Interconexion existente
IPA-10001-01,2,1,1,17,6,11,1,29,1,9,3,6,,,,,,,,IPA,HITO 5,28,10,18,35.714285714285715,0,0,0,0,0,0,#090,PROCESS ,PROCESS ,Linea IPA hacia filtro S-10390,10001 Edificio HMBI
IPA-10004-01,2,0,2,43,26,17,7,29|73|83|120|122|130|160,1.00|1.00|1.00|1.00|1.00|1.00|1.00,43,7,36,1,0,1,,,,,IPA,HITO 4,89,33,56,37.07865168539326,2,0,2,2,1,1,#091,PROCESS ,PROCESS ,Tanque IPA,10001 Edificio HMBI
RIPA-10001-01,3,0,3,12,8,4,1,75,1,11,4,7,,,,,,,,RIPA,HITO 5,26,12,14,46.15384615384615,0,0,0,0,0,0,#112,PROCESS ,PROCESS ,Linea de IPA hacia esterificacion,10003 Edificio IPA
RIPA-10003-01,21,5,16,24,14,10,6,74|88|93|96|111|1037,1.00|0.85|1.00|0.95|1.00|1.00,18,0,18,,,,,,,,RIPA,HITO 6,63,19,44,30.158730158730158,1,0,1,2,0,2,#111,PROCESS ,PROCESS ,Recipiente IPA reciclado y lineas asociadas,10003 Edificio IPA
RIPA-10003-02,19,2,17,49,29,20,8,73|84|92|97|98|103|105|2037,1.00|0.87|1.00|1.00|0.70|0.93|1.00|1.00,34,0,34,2,2,0,,,,,RIPA,HITO 7,104,33,71,31.73076923076923,1,0,1,4,0,4,#110,PROCESS ,PROCESS ,Decantador y lineas asociadas,10001 Edificio HMBI
RIPA-10003-03,15,4,11,25,16,9,5,96|102|104|111|2039,0.87|0.92|1.00|1.00|0.87,19,0,19,,,,,,,,RIPA,HITO 6,59,20,39,33.89830508474576,1,0,1,2,0,2,#115,PROCESS ,PROCESS ,Recipiente reflujo segunda columna y lineas asociadas,10003 Edificio IPA
RIPA-10003-04,3,2,1,4,0,4,3,85|90|96,1.00|1.00|1.00,3,0,3,,,,3,0,0,1,RIPA,HITO 5,13,2,8,15.384615384615385,0,0,0,0,0,0,#114,PROCESS ,PROCESS ,Condensador segunda columna y lineas asociadas,10003 Edificio IPA
RIPA-10003-05,31,4,27,54,29,25,11,82|91|94|95|101|102|112|1037|1041|2041|2042,1.00|0.93|1.00|1.00|0.80|0.97|1.00|1.00|0.92|1.00|1.00,44,0,44,,,,2,0,0,0,RIPA,HITO 8,131,33,96,25.190839694656486,2,0,2,2,0,2,#113,PROCESS ,PROCESS ,Primera columna de destilacion y elementos asociados,10003 Edificio IPA
SSAM-10004-01,16,3,13,29,22,7,6,44|118|121|123|124|130,1.00|1.00|1.00|1.00|1.00|1.00,29,2,27,6,0,6,,,,,SSAM,HITO 5,80,27,53,33.75,1,2,-1,1,1,0,#117,PROCESS ,UTILITIES,Tanque solucion sulfato,10004 Alm. IPA-SSAM
V6-00000-01,6,0,6,16,6,10,5,117|159|1019|1020|1042,0.85|0.86|0.61|0.89|1.00,25,3,22,,,,,,,,V6,HITO 6,47,9,38,19.148936170212767,0,0,0,0,0,0,#119,PROCESS ,UTILITIES,Distribucion general vapor,10001 Edificio HMBI
V6-10001-01,2,0,2,10,0,10,2,159|1017,0.79|0.71,10,0,10,,,,,,,,V6,HITO 7,22,0,22,0,0,0,0,0,0,0,#120,PROCESS ,UTILITIES,Distribucion interna vapor A10001,10001 Edificio HMBI
V6-10001-02,1,0,1,,,,1,1022,0.4,,,,,,,,,,,,HITO 7,1,0,1,0,,,,,,,#121,PROCESS ,UTILITIES,Filtro rotativo; recipiente filtrato; recipiente torta; y lineas asociadas,10002 Edificio HMBI
VE1-10001-01,1,0,1,33,16,17,5,36|37|76|156|157,0.49|0.98|0.98|1.00|0.93,26,5,21,,,,,,,,VE1,HITO 6,60,21,39,35,0,0,0,1,0,1,#122,PROCESS ,UTILITIES,Venteos gaseosos sin blanketing,10001 Edificio HMBI
AP-PR19-01,,,,1,1,0,1,1100,1,2,0,2,1,0,1,,,,,AP,HITO 4,4,1,3,25,0,0,0,0,0,0,#010,PROCESS ,UTILITIES,Agua potable (PR19),Interconexion
AR-9000-01,,,,19,0,19,,,,8,0,8,,,,,,,,,,27,0,27,0,,,,,,,,,,,
ARC-00000-01,,,,9,4,5,8,125|158|1035|1046|1047|1088|1089|1090,1.00|1.00|1.00|1.00|1.00|1.00|1.00|1.00,12,1,11,,,,,,,,ARC,HITO 1,21,5,16,23.809523809523807,0,0,0,0,0,0,#018,PROCESS ,UTILITIES,Aire de servicio (colector),06000 Edificio area 6000
ARI-00000-01,,,,3,3,0,6,1039|1048|1049|1080|1081|1103,1.00|1.00|1.00|1.00|1.00|1.00,,,,,,,,,,,ARI,HITO 1,3,3,0,100,0,0,0,0,0,0,#027,PROCESS ,UTILITIES,Aire de instrumentos colector,Interconexion
AT-PR19-01,,,,1,1,0,2,1051|1104,1.00|1.00,2,0,2,2,2,0,,,,,AT,HITO 3,5,3,2,60,0,0,0,0,0,0,#036,PROCESS ,UTILITIES,Agua tratada PR19,10001 Edificio HMBI
C6-10001-02,,,,20,8,12,5,56|1025|1026|1053|2029,1.00|1.00|1.00|1.00|1.00,15,0,15,1,0,1,,,,,C6,HITO 3,36,8,28,22.22222222222222,0,0,0,2,1,1,#040,PROCESS ,UTILITIES,Estabilizacion condensados antes de exportacion,00000 Utilities
C6-PR18-01,,,,7,6,1,1,1025,1,11,2,9,,,,,,,,C6,HITO 3,18,8,10,44.44444444444444,0,0,0,0,0,0,#042,PROCESS ,UTILITIES,Condensados interconexion,10001 Edificio HMBI
CIPA-10001-02,,,,37,0,37,3,29|38|1012,1.00|0.51|1.00,34,0,34,,,,,,,,CIPA,HITO 8,71,0,71,0,0,0,0,2,0,2,#048,PROCESS ,PROCESS ,Paquete Z-1049,10001 Edificio HMBI
CT13-10002-03,,,,14,0,14,,,,,,,,,,,,,,,,14,0,14,0,0,0,0,0,0,0,#125,NO PROCESS,ELECTRICITY,CT13+LT13 FDS & CO2 systems,10002 CT13 & LIT13 Building
CT13-10002-04,,,,11,0,11,,,,,,,,,,9,9,0,0,,,20,0,20,0,0,0,0,0,0,0,#126,NO PROCESS,ELECTRICITY,CT13+LT13 HVAC & Fire dampers,10002 CT13 & LIT13 Building
CT13-10002-05,,,,13,13,0,,,,,,,,,,20,14,4,0,,,33,17,14,51.515151515151516,0,0,0,0,0,0,#127,NO PROCESS,ELECTRICITY,CT13 Trafo&MVLV Switchgear,10002 CT13 & LIT13 Building
CT13-10002-08,,,,5,5,0,,,,,,,,,,6,2,0,0,,,11,5,2,45.45454545454545,0,0,0,0,0,0,#130,NO PROCESS,ELECTRICITY,CT13 UPS Distribution,10002 CT13 & LIT13 Building
CT13-10002-10,,,,3,0,3,,,,,,,,,,6,0,0,0,,,9,0,3,0,0,0,0,0,0,0,#132,NO PROCESS,ELECTRICITY,AT13 Heat tracing Panel,10002 CT13 & LIT13 Building
CT13-10002-14,,,,4,0,4,,,,,,,,,,14,0,0,0,,,18,0,4,0,0,0,0,0,0,0,#136,NO PROCESS,CONTROL,LIT13 DCS CABINETS,10002 CT13 & LIT13 Building
CYH-10004-02,,,,10,9,1,,,,13,0,13,,,,,,,,,,23,9,14,39.130434782608695,0,0,0,0,0,0,#052,PROCESS ,PROCESS , Parada de Emergencia Panel local de Brazo de Carga de IPA Area 10004,10002 Edificio HMBI
EFL-10001-04,,,,25,18,7,6,15|26|35|53|1027|2018,0.70|0.82|1.00|1.00|0.99|1.00,20,10,10,,,,,,,,EFL,HITO 6,45,28,17,62.22222222222222,1,2,-1,2,0,2,#063,PROCESS ,UTILITIES,Recipiente enterrado efluentes HMBI y lineas asociadas,10003 Edificio IPA
EFL-10001-05,,,,14,7,7,8,15|26|72|79|2001|2009|2012|2032,0.40|0.95|0.89|0.86|0.89|1.00|1.00|0.40,11,3,8,,,,,,,,EFL,HITO 6,25,10,15,40,0,0,0,1,0,1,#058,PROCESS ,UTILITIES,Recipiente enterrado efluentes HMBI y lineas asociadas 2,10001 Edificio HMBI
EFL-10003-03,,,,11,5,6,5,72|78|2033|2034|2044,1.00|0.96|1.00|1.00|1.00,9,3,6,,,,,,,,EFL,HITO 5,20,8,12,40,0,0,0,1,0,1,#064,PROCESS ,UTILITIES,Pit drenajes abierto IPA y lineas asociadas,10003 Edificio IPA
EFL-10003-04,,,,12,4,8,7,71|78|87|100|111|161|2035,0.75|1.00|1.00|0.84|1.00|1.00|0.99,13,0,13,,,,,,,,EFL,HITO 6,25,4,21,16,1,0,1,1,0,1,#057,PROCESS ,UTILITIES,Recipiente enterrado efluentes IPA y lineas asociadas,10001 Edificio HMBI
EFL-10004-01,,,,6,5,1,3,125|2046|2048,1.00|1.00|1.00,1,0,1,,,,,,,,EFL,HITO 4,7,5,2,71.42857142857143,0,1,-1,1,0,1,#067,PROCESS ,UTILITIES,Bomba B-1558 y elementos asociados,10004 Alm. IPA-SSAM
FF-10001-01,,,,39,0,39,,,,35,0,35,,,,,,,,,,74,0,74,0,0,0,0,0,0,0,#152,NO PROCESS,FIRE FIGHTING,Red aerea contraincendios & deteccion de llama A10001,10001 Edificio HMBI
FF-10003-01,,,,31,0,31,,,,18,0,18,,,,,,,,,,49,0,49,0,0,0,0,0,0,0,#153,NO PROCESS,FIRE FIGHTING,Red aerea contraincendios & deteccion de llama A10003,10003 Edificio IPA
FF-10004-01,,,,15,1,14,,,,9,0,9,,,,,,,,,,24,1,23,4.166666666666666,0,1,-1,0,0,0,#154,NO PROCESS,FIRE FIGHTING,Red aerea contraincendios & deteccion de llama A10004,10004 Alm. IPA-SSAM
FF-10005-01,,,,3,0,3,,,,4,0,4,,,,,,,,,,7,0,7,0,0,0,0,0,0,0,#155,NO PROCESS,FIRE FIGHTING,Red aerea contraincendios & deteccion de llama A10005,10005 Alm. HMBI
HMBI-10005-04,,,,5,4,1,1,1076,1,,,,,,,,,,,HMBI,HITO 5,5,4,1,80,0,0,0,0,0,0,#083,PROCESS ,PROCESS ,Brazo de carga de HMBI,10005 Alm. HMBI
INC-10001-03,,,,15,0,15,2,29|38,1.00|0.68,14,3,11,,,,,,,,INC,HITO 6,29,3,26,10.344827586206897,0,0,0,2,0,2,#088,PROCESS ,PROCESS ,Paquete Z-1019 y lineas asociadas,10001 Edificio HMBI
NHOH-PR18-01,,,,6,0,6,1,48,0.99,5,0,5,,,,,,,,NHOH,HITO 5,11,0,11,0,0,0,0,0,0,0,#092,PROCESS ,PROCESS ,Linea solucion amoniaco PR18,10001 Edificio HMBI
NI-00000-01,,,,13,1,12,6,114|127|128|129|162|2028,1.00|1.00|1.00|1.00|1.00|1.00,20,0,20,,,,,,,,NI,HITO 4,33,1,32,3.0303030303030303,1,0,1,0,0,0,#101,PROCESS ,UTILITIES,Distribucion general de nitrogeno de baja presion para SPEAR,10001 Edificio HMBI
NI-00000-02,,,,2,0,2,2,60|161,1.00|1.00,,,,,,,,,,,NI,HITO 4,2,0,2,0,0,0,0,0,0,0,#095,PROCESS ,UTILITIES,Distribucion general de nitrogeno de alta presion para SPEAR,Interconexion
NI-10001-01,,,,13,13,0,1,59,1,19,5,14,,,,,,,,NI,HITO 4,32,18,14,56.25,0,0,0,0,0,0,#093,PROCESS ,UTILITIES,Distribucion interna de nitrogeno para area 10001; primer grupo de subcolectores,10001 Edificio HMBI
NI-10001-04,,,,3,0,3,1,60,1,12,0,12,,,,,,,,NI,HITO 4,15,0,15,0,1,0,1,0,0,0,#094,PROCESS ,UTILITIES,Distribucion interna de nitrogeno para area 10001; cuarto grupo de subcolectores,10004 Alm. IPA-SSAM
NI-10004-01,,,,6,6,0,4,126|129|2047|2049,1.00|1.00|1.00|1.00,7,0,7,2,0,2,,,,,NI,HITO 2,15,6,9,40,0,0,0,0,0,0,#103,PROCESS ,UTILITIES,Estacion de nitrogeno para brazos de carga area 10004,10001 Edificio HMBI
NI-A6001-01,,,,3,3,0,1,138,1,4,0,4,,,,2,2,0,0,NI,HITO 1,9,3,6,33.33333333333333,0,1,-1,0,0,0,#104,PROCESS ,UTILITIES,Distribucion interna de nitrogeno para area 6000,10003 Edificio IPA
NI-PR12-01,,,,1,0,1,1,161,1,4,4,0,,,,,,,,NI,HITO 2,5,4,1,80,0,0,0,0,0,0,#105,PROCESS ,UTILITIES,Linea de nitrogeno sobre PR12,10003 Edificio IPA
SSAM-10004-02,,,,9,8,1,1,126,1,8,0,8,,,,4,0,0,0,SSAM,HITO 1,21,8,9,38.095238095238095,0,0,0,0,0,0,#118,PROCESS ,UTILITIES,Brazo carga solucion sulfato,00000 Utilities
ARC-10001-01,,,,,,,1,1010,1,3,0,3,,,,,,,,ARC,HITO 2,3,0,3,0,0,0,0,0,0,0,#019,PROCESS ,UTILITIES,Aire de servicio A10001,00000 Utilities
ARC-10005-01,,,,,,,1,1087,1,4,0,4,,,,8,6,0,0,ARC,HITO 1,12,0,10,0,0,0,0,0,0,0,#021,PROCESS ,UTILITIES,Aire de servicio A10005,10003 Edificio IPA
ARC-A6001-01,,,,,,,1,1059,1,2,0,2,,,,5,5,0,0,ARC,HITO 1,7,0,7,0,0,0,0,0,0,0,#022,PROCESS ,UTILITIES,Aire de servicio A6000,10005 Alm. HMBI
ARC-A8001-02,,,,,,,1,1057,1,1,0,1,,,,3,3,0,0,ARC,HITO 1,4,0,4,0,0,0,0,0,0,0,#024,PROCESS ,UTILITIES,Aire de servicio UXX811,08000 Vent network
ARC-PR19-01,,,,,,,3,1035|1045|1087,1.00|1.00|1.00,3,1,2,,,,22,22,0,0,ARC,HITO 1,25,1,24,4,0,0,0,0,0,0,#026,PROCESS ,UTILITIES,Aire de servicio PR19,08000 Vent network
ARI-10001-01,,,,,,,1,1011,1,1,0,1,,,,12,0,0,0,ARI,HITO 1,13,0,1,0,0,0,0,0,0,0,#028,PROCESS ,UTILITIES,Aire de instrumentos A10001,00000 Utilities
ARI-10003-01,,,,,,,2,1032|1033,1.00|1.00,1,0,1,,,,5,5,0,0,ARI,HITO 1,6,0,6,0,0,0,0,0,0,0,#029,PROCESS ,UTILITIES,Aire de instrumentos A10003,10001 Edificio HMBI
ARI-PR19-01,,,,,,,1,1102,1,3,0,3,,,,,,,,ARI,HITO 1,3,0,3,0,0,0,0,0,0,0,#030,PROCESS ,UTILITIES,Aire de instrumentos PR19,10003 Edificio IPA
NI-10001-02,,,,,,,1,63,0.95,5,0,5,,,,,,,,NI,HITO 8,5,0,5,0,0,0,0,0,0,0,#098,PROCESS ,UTILITIES,Distribucion interna de nitrogeno para area 10001; segundo grupo de subcolectores,10001 Edificio HMBI
NI-10001-03,,,,,,,1,64,1,2,0,2,,,,,,,,NI,HITO 2,2,0,2,0,0,0,0,0,0,0,#099,PROCESS ,UTILITIES,Distribucion interna de nitrogeno para area 10001; tercer grupo de subcolectores,10001 Edificio HMBI
NI-10001-05,,,,,,,2,61|161,1.00|1.00,4,0,4,,,,,,,,NI,HITO 4,4,0,4,0,0,0,0,0,0,0,#096,PROCESS ,UTILITIES,Distribucion interna de nitrogeno para area 10001; quinto grupo de subcolectores,00000 Utilities
NI-10003-02,,,,,,,1,116,1,2,0,2,,,,3,3,0,0,NI,HITO 2,5,0,5,0,0,0,0,0,0,0,#102,PROCESS ,UTILITIES,Distribucion interna de nitrogeno para area 10003; segundo grupo de subcolectores,10001 Edificio HMBI
NI-10005-01,,,,,,,3,162|1076|2057,1.00|1.00|1.00,1,0,1,,,,,,,,NI,HITO 2,1,0,1,0,1,0,1,0,0,0,#109,PROCESS ,UTILITIES,Distribucion interna de nitrogeno para area 10005,Interconexion existente
AT-00000-01,,,,,,,4,1009|1050|1085|1086,1.00|1.00|1.00|1.00,,,,4,4,0,,,,,AT,HITO 3,4,4,0,100,0,0,0,0,0,0,#033,PROCESS ,UTILITIES,Agua tratada colector,Interconexion existente
AT-10001-01,,,,,,,1,1008,1,,,,9,0,9,,,,,AT,HITO 3,9,0,9,0,0,0,0,0,0,0,#034,PROCESS ,UTILITIES,Agua tratada A10001,Interconexion
AT-10003-01,,,,,,,1,1034,1,,,,5,1,4,,,,,AT,HITO 3,5,1,4,20,0,0,0,0,0,0,#035,PROCESS ,UTILITIES,Agua tratada A10003,00000 Utilities
ARC-10003-01,,,,,,,1,1036,1,,,,,,,4,4,0,0,ARC,HITO 2,4,0,4,0,0,0,0,0,0,0,#020,PROCESS ,UTILITIES,Aire de servicio A10003,10001 Edificio HMBI
ARC-A8001-01,,,,,,,1,1062,1,,,,,,,4,4,0,0,ARC,HITO 1,4,0,4,0,0,0,0,0,0,0,#023,PROCESS ,UTILITIES,Aire de servicio UXX838,06000 Edificio area 6000
ARC-A8004-01,,,,,,,1,1063,1,,,,,,,2,2,0,0,ARC,HITO 1,2,0,2,0,0,0,0,0,0,0,#025,PROCESS ,UTILITIES,Aire de servicio UXX837,08000 Vent network
CT13-10002-01,,,,,,,,,,,,,,,,6,0,0,0,,,6,0,0,0,0,0,0,0,0,0,#123,NO PROCESS,CIVIL&ELECTRICITY,CT13 building & equipment earth network,10002 CT13 & LIT13 Building
CT13-10002-02,,,,,,,,,,,,,,,,10,0,8,0,,,10,8,0,80,0,0,0,0,0,0,#124,NO PROCESS,ELECTRICITY,CT13+LT13 Lighting system ,10002 CT13 & LIT13 Building
CT13-10002-06,,,,,,,,,,,,,,,,4,0,0,0,,,4,0,0,0,0,0,0,0,0,0,#128,NO PROCESS,ELECTRICITY,CT13 TSG13 Cabinet,10002 CT13 & LIT13 Building
CT13-10002-07,,,,,,,,,,,,,,,,5,5,0,0,,,5,0,5,0,0,0,0,0,0,0,#129,NO PROCESS,ELECTRICITY,CT13 UPS & Battery bank,10002 CT13 & LIT13 Building
CT13-10002-09,,,,,,,,,,,,,,,,10,0,0,0,,,10,0,0,0,0,0,0,0,0,0,#131,NO PROCESS,ELECTRICITY,CCM130x Motor Control Center,10002 CT13 & LIT13 Building
CT13-10002-12,,,,,,,,,,,,,,,,8,0,0,0,,,8,0,0,0,0,0,0,0,0,0,#134,NO PROCESS,ELECTRICITY,CT13 Heating resistance panels,10002 CT13 & LIT13 Building
CT13-10002-15,,,,,,,,,,,,,,,,1,1,0,0,,,1,0,1,0,0,0,0,0,0,0,#137,NO PROCESS,ELECTRICITY,COND13 CAPACITORS BANK,10002 CT13 & LIT13 Building
CT2-8003-01,,,,,,,,,,,,,,,,4,4,0,0,,,4,0,4,0,0,0,0,0,0,0,#145,NO PROCESS,ELECTRICITY,Nueva UPS a VFDs venteos,02000 Edificio area 2000
EFL-A2001-02,,,,,,,1,135,1,,,,,,,8,8,0,0,EFL,HITO 2,8,0,8,0,0,0,0,0,0,0,#070,PROCESS ,UTILITIES,Flauta drenajes asociada al R-8353,08000 Vent network
ELE-10000-01,,,,,,,,,,,,,,,,16,0,0,0,,,16,0,0,0,,,,,,,#146,NO PROCESS,ELECTRICITY,Bandejas y cajas por unidades,00000 General
ELE-10000-02,,,,,,,,,,,,,,,,8,0,0,0,,,8,0,0,0,,,,,,,#147,NO PROCESS,ELECTRICITY,Iluminacion por unidades + perimetral,00000 General
NI-10003-01,,,,,,,2,113|161,1.00|1.00,,,,,,,5,5,0,0,NI,HITO 4,5,0,5,0,0,0,0,0,0,0,#100,PROCESS ,UTILITIES,Distribucion interna de nitrogeno para area 10003; primer grupo de subcolectores,10001 Edificio HMBI
