subsystem,tp_id,progress_tp,tp_unit_tp
ACL-PR18-01,1099,0.9,PR18_19
EFL-A6001-02,133,1.0,A8003
EFL-10003-02,109,0.45,PR18_19
EFL-10003-02,146,0.9,A8003
NHOH-PR18-01,48,0.0,PR18_19
HMBI-PR11-01,1054,0.9,PR18_19
ASUN-PR18-01,132,1.0,A1200
ASUN-PR18-01,50,0.9,PR18_19
C6-10001-02,1025,0.9,PR18_19
C6-10001-02,1053,0.9,PR01_xx
VE1-10001-01,37,0.0,PR18_19
V6-00000-01,159,0.0,PR18_19
AR-00000-01,1109,0.9,PR18_19
AR-PR11-01,1109,0.9,PR18_19
EFL-10003-01,110,0.05,A10004
EFL-10003-06,66,0.0,PR18_19
EFL-10001-01,156,0.0,A10005
EFL-10001-02,155,0.0,A10005
SSAM-10004-01,124,0.05,A10004
AP-00000-01,1100,0.9,PR18_19
INC-10001-02,68,0.0,PR18_19
INC-10001-02,79,0.0,A10004
HMBI-10001-03,152,0.0,A10005
HMBI-10001-02,1101,0.0,PR18_19
IPA-10004-01,120,1.0,A10004
AP-PR19-01,1100,0.9,PR18_19
ARC-PR19-01,1045,1.0,A10004
ARC-PR19-01,1087,1.0,A10005
ARI-PR19-01,1102,1.0,PR18_19
AT-PR19-01,1104,1.0,PR18_19
CIPA-10001-01,67,0.0,PR18_19
HMBI-10001-04,69,0.0,PR18_19
HMBI-10001-04,70,0.0,PR18_19
EFL-10003-04,71,0.0,PR18_19
HMBH-10005-01,153,0.25,A10005
HMBI-10005-03,1074,0.05,A10005
HMBI-10005-02,1075,0.25,A10005
IPA-10004-01,122,0.9,A10004
NI-PR12-01,161,0.9,A10004
NI-00000-01,162,1.0,PR18_19
SSAM-10004-01,121,0.45,A10004
C6-10001-01,1020,0.0,A10001
C6-10001-01,65,0.0,A10003
EFL-10001-05,72,0.45,PR18_19
EFL-10001-05,79,0.0,A10004
IPA-10004-01,73,0.25,PR18_19
IPA-10004-01,83,1.0,A10004
RIPA-10003-02,84,0.0,A10003
RIPA-10003-01,74,0.45,PR18_19
RIPA-10001-01,75,0.0,PR18_19
VE1-10001-01,157,0.0,A10005
AGL-10005-01,7,0.05,A10001
CYH-10004-01,86,0.0,A10004
EFL-10005-01,2059,0.0,A10001
HMBI-10001-01,1072,0.0,A10005
HMBI-10005-01,1073,0.0,A10005
HMBI-10005-01,1105,0.05,PR18_19
INC-10001-01,160,0.05,A10004
CYH-10004-01,119,0.45,A10004
AGL-10005-01,6,0.05,A10005
C6-00000-01,65,0.0,A10003
HMBI-10005-01,1055,0.0,PR18_19
SSAM-10004-01,118,0.9,A10004
AR-00000-01,1108,1.0,PR18_19
AR-00000-01,1106,1.0,PR18_19
AR-00000-01,1107,1.0,PR18_19
ASUN-A1200-01,132,1.0,A1200
CHMB-10001-04,5,0.0,A10001
CHMB-10001-02,18,0.0,A10001
HMBI-10005-03,1069,0.0,A10005
CIPA-10001-01,18,0.0,A10001
INC-10001-04,53,0.45,A10001
CIPA-10001-01,24,0.0,A10001
CIPA-10001-01,45,0.0,A10001
CIPA-10001-01,12,0.0,A10001
EFL-10001-03,2008,0.0,A10001
INC-10001-02,53,0.45,A10001
HMBI-10001-02,1001,0.0,A10001
EFL-10001-01,27,0.0,A10001
HMBI-10001-03,3,0.0,A10001
HMBI-10001-03,4,0.0,A10001
C6-10001-02,56,1.0,A10001
AGL-10005-01,2010,0.25,A10001
CHMB-10001-02,1,0.0,A10001
HMBI-10005-03,1065,0.05,A10005
CHMB-10001-04,2011,0.0,A10001
HMBI-10001-04,13,0.0,A10001
HMBI-10001-03,2013,0.0,A10001
HMBI-10001-03,2014,0.05,A10001
HMBI-10001-01,1002,0.0,A10001
C6-10001-02,2029,1.0,A10001
EFL-10001-03,2029,1.0,A10001
HMBI-10001-04,2017,0.0,A10001
AR-00000-02,1012,1.0,A10001
CHMB-10001-02,2,0.0,A10001
INC-10001-04,2019,0.0,A10001
HMBC-10001-01,2020,0.0,A10001
CIPA-10001-01,55,0.45,A10001
INC-10001-02,2021,0.05,A10001
HMBI-10001-01,53,0.45,A10001
HMBI-10005-03,1070,0.05,A10005
NI-00000-01,2028,1.0,A10001
HMBI-10001-03,53,0.45,A10001
CHMB-10001-01,17,0.0,A10001
EFL-10001-01,155,0.0,A10005
EFL-10001-03,2024,0.05,A10001
INC-10001-04,20,0.9,A10001
HMBI-10001-03,1110,1.0,A10001
HMBN-10001-02,19,0.45,A10001
HMBH-10005-01,151,0.0,A10005
HMBC-10001-01,54,0.45,A10001
EFL-10001-04,26,0.0,A10001
HMBH-10005-01,150,0.0,A10005
HMBI-10005-01,1064,0.0,A10005
EFL-10001-05,26,0.0,A10001
EFL-10001-05,2009,0.25,A10001
HMBI-10005-01,1068,0.0,A10005
CIPA-10001-01,38,0.0,A10001
HMBI-10005-01,1002,0.0,A10001
INC-10001-01,34,0.0,A10001
EFL-10001-03,2015,0.0,A10001
EFL-10001-04,2018,0.0,A10001
CIPA-10001-01,53,0.45,A10001
HMBI-10001-01,2022,0.25,A10001
HMBI-10001-02,14,0.0,A10001
HMBC-10001-01,16,1.0,A10001
HMBI-10001-01,2023,0.0,A10001
HMBI-10005-01,1071,0.0,A10005
CIPA-10001-01,17,0.0,A10001
HMBI-10005-03,157,0.0,A10005
HMBI-10005-03,2056,0.05,A10005
HMBI-10001-01,1004,0.0,A10001
IPA-10004-01,29,0.05,A10001
HMBI-10001-02,53,0.45,A10001
INC-10001-04,33,0.05,A10001
HMBI-10001-04,2016,0.0,A10001
INC-10001-02,37,0.0,PR18_19
VE1-10001-01,76,0.0,PR18_19
EFL-10001-04,35,0.0,A10001
CHMB-10001-04,53,0.45,A10001
HMBI-10005-01,17,0.0,A10001
HMBN-10001-02,53,0.45,A10001
CHMB-10001-03,4,0.0,A10001
HMBI-10005-02,153,0.25,A10005
EFL-10004-01,125,0.9,A10004
EFL-10004-01,2046,0.9,A10004
EFL-10001-02,15,0.0,A10001
EFL-10001-01,15,0.0,A10001
HMBI-10001-03,2025,0.25,A10001
EFL-10001-03,2004,0.0,A10001
EFL-10003-06,77,0.0,A10003
HMBI-10005-01,1028,0.0,A10001
RIPA-10003-05,91,0.0,A10003
EFL-10003-01,88,0.0,A10003
CHMB-10001-01,55,0.45,A10001
CHMB-10001-02,55,0.45,A10001
HMBI-10001-03,22,1.0,A10001
INC-10001-04,11,0.0,A10001
RIPA-10003-02,97,0.0,A10003
INC-10001-01,97,0.0,A10003
RIPA-10003-05,101,0.0,A10003
EFL-10001-04,1027,0.0,A10001
AGL-10005-01,57,0.45,A10001
C6-10001-03,1021,0.0,A10001
CHMB-10001-01,1021,0.0,A10001
HMBC-10001-01,1018,0.0,PR18_19
HMBC-10001-01,159,0.0,PR18_19
V6-00000-01,1020,0.0,A10001
HMBI-10001-03,1020,0.0,A10001
HMBI-10001-03,1014,0.9,A10001
AR-00000-01,1014,0.9,A10001
EFL-10001-01,51,0.0,A10001
EFL-10001-03,2031,0.0,A10001
HMBI-10001-02,2027,0.0,A10001
V6-10001-01,1017,0.0,A10001
V6-10001-01,159,0.0,PR18_19
AR-00000-01,1012,1.0,A10001
AR-00000-02,1013,1.0,A10001
AR-00000-02,1109,0.9,PR18_19
HMBI-10005-01,1027,0.0,A10001
EFL-10003-01,82,0.0,A10003
EFL-10003-06,81,1.0,A10003
EFL-10003-03,2033,0.85,PR18_19
EFL-10003-03,72,0.45,PR18_19
EFL-10003-03,78,0.45,A10003
HMBI-10005-03,1066,0.05,A10005
RIPA-10003-01,88,0.0,A10003
RIPA-10003-04,85,1.0,A10003
RIPA-10003-05,82,0.0,A10003
EFL-10003-06,106,0.05,A10003
EFL-10003-04,111,0.45,A10003
EFL-10003-04,87,1.0,A10003
RIPA-10003-02,2037,0.0,A10003
RIPA-10003-01,111,0.45,A10003
EFL-10003-06,89,0.9,A10003
EFL-10003-06,111,0.45,A10003
RIPA-10003-04,90,1.0,A10003
RIPA-10003-03,111,0.45,A10003
EFL-10003-01,80,0.0,A10003
EFL-10003-04,2035,0.05,A10003
RIPA-10003-05,112,1.0,A10003
RIPA-10003-02,92,1.0,A10003
RIPA-10003-01,93,1.0,A10003
EFL-10003-05,2036,0.05,A10003
EFL-10003-06,2038,0.05,A10003
RIPA-10003-03,2039,0.0,A10003
EFL-10003-06,2040,0.0,A10003
RIPA-10003-05,94,0.9,A10003
RIPA-10003-05,95,1.0,A10003
RIPA-10003-05,2041,1.0,A10003
RIPA-10003-05,2042,0.25,A10003
RIPA-10003-01,1037,1.0,A10003
AR-00000-01,1037,1.0,A10003
RIPA-10003-05,1041,0.05,A10003
V6-00000-01,1042,0.0,A10003
V6-00000-01,117,0.0,A10003
RIPA-10003-05,1037,1.0,A10003
AR-PR11-01,1037,1.0,A10003
ARC-00000-01,1035,1.0,A10003
EFL-10003-04,161,0.9,A10004
ACL-10003-01,1029,1.0,A10003
AR-00000-05,1038,0.05,A10003
ARC-10003-01,1036,1.0,A10003
ARI-10003-01,1032,1.0,A10003
AT-10003-01,1034,1.0,A10003
RIPA-10003-03,96,0.05,A10003
NI-10003-01,113,0.9,A10003
NI-10003-02,116,1.0,A10003
RIPA-10003-02,103,0.0,A10003
ACL-PR18-01,1029,1.0,A10003
ACL-00000-01,1030,1.0,A10003
AP-00000-01,1031,0.05,A10003
ARI-10003-01,1033,1.0,A10003
EFL-10003-05,1041,0.05,A10003
EFL-10003-05,1040,0.45,A10003
EFL-10003-01,84,0.0,A10003
EFL-10003-01,103,0.0,A10003
EFL-10003-01,91,0.0,A10003
EFL-10003-01,99,0.0,A10003
EFL-10001-02,121,0.45,A10004
EFL-10003-01,77,0.0,A10003
EFL-10003-06,109,0.45,PR18_19
EFL-10003-01,109,0.45,PR18_19
EFL-10003-01,102,0.0,A10003
RIPA-10003-03,102,0.0,A10003
RIPA-10003-01,96,0.05,A10003
INC-10001-01,96,0.05,A10003
NI-10003-01,161,0.9,A10004
NI-10003-03,115,0.9,A10003
RIPA-10003-05,102,0.0,A10003
EFL-10003-05,2043,0.05,A10003
EFL-10003-05,99,0.0,A10003
EFL-10003-01,106,0.05,A10003
EFL-10003-04,100,0.0,A10003
ACL-A6001-01,1061,1.0,A6001
EFL-A6001-01,141,0.9,A6001
EFL-A6001-01,140,1.0,A6001
AT97-A6001-01,142,1.0,A6001
EFL-10003-03,2044,0.05,A10003
AT97-A6001-01,139,0.45,A6001
EFL-10003-03,2034,0.05,A10003
CHMB-10001-04,41,0.0,A10001
INC-10001-03,38,0.0,A10001
CIPA-10001-02,38,0.0,A10001
EFL-10001-01,23,0.0,A10001
EFL-10001-01,5,0.0,A10001
RIPA-10003-02,73,0.25,PR18_19
EFL-10001-02,5,0.0,A10001
EFL-10001-02,11,0.0,A10001
EFL-10001-01,11,0.0,A10001
EFL-10001-02,45,0.0,A10001
EFL-10001-02,9,0.0,A10001
HMBI-10005-03,1067,0.05,A10005
HMBI-10005-01,154,1.0,A10005
HMBH-10005-01,154,1.0,A10005
ACL-00000-01,1079,0.9,A10005
ACL-10005-01,1078,1.0,A10005
AT97-A6001-01,141,0.9,A6001
EFL-10001-02,8,0.0,A10001
HMBI-10005-01,52,0.45,A10001
AT97-A6001-01,52,0.45,A10001
INC-10001-01,99,0.0,A10003
EFL-10003-01,75,0.0,PR18_19
RIPA-10003-03,104,0.45,A10003
EFL-10001-02,10,0.0,A10001
EFL-10001-03,2003,0.0,A10001
EFL-10001-02,44,0.0,A10001
EFL-10001-02,46,0.0,A10001
EFL-10001-01,46,0.0,A10001
HMBI-10001-02,46,0.0,A10001
EFL-10003-04,78,0.45,A10003
EFL-10001-02,3,0.0,A10001
AT97-A6001-01,140,1.0,A6001
EFL-10001-01,3,0.0,A10001
EFL-10001-01,47,0.0,A10001
EFL-10001-02,47,0.0,A10001
EFL-10001-02,12,0.0,A10001
ARC-A6001-01,1059,1.0,A6001
AR-A6001-01,1060,1.0,A6001
ACL-10001-01,26,0.0,A10001
NI-A6001-01,138,1.0,A6001
AT97-A6001-01,148,1.0,A6001
AT97-A6001-01,143,1.0,A6001
CHMB-10001-04,34,0.0,A10001
AT97-A6001-01,144,1.0,A6001
CIPA-10001-01,34,0.0,A10001
IPA-10004-01,160,0.05,A10004
EFL-10001-03,1020,0.0,A10001
HMBI-10001-02,34,0.0,A10001
INC-10001-03,29,0.05,A10001
CIPA-10001-03,38,0.0,A10001
CIPA-10001-03,29,0.05,A10001
HMBI-10001-04,29,0.05,A10001
CIPA-10001-02,29,0.05,A10001
NI-10001-05,61,0.9,A10001
NI-10001-01,59,1.0,A10001
NI-10001-06,161,0.9,A10004
NI-10001-06,62,0.0,A10001
NI-10001-02,63,0.0,A10001
NI-10001-03,64,1.0,A10001
HMBI-10001-02,61,0.9,A10001
NI-10001-05,161,0.9,A10004
SSAM-10004-01,44,0.0,A10001
V6-10001-02,1022,0.0,A10001
AP-00000-01,1007,0.0,A10001
HMBN-10001-01,8,0.0,A10001
CIPA-10001-02,1012,1.0,A10001
V6-00000-01,1019,0.0,PR18_19
EFL-10001-03,2030,0.0,A10001
EFL-10001-03,58,0.0,A10001
C6-00000-01,1044,0.9,
HMBI-10001-02,44,0.0,A10001
ARI-00000-01,1039,1.0,A10003
CYH-10003-01,86,0.0,A10004
RIPA-10003-02,98,0.0,A10003
RIPA-10003-04,96,0.05,A10003
ARC-PR19-01,1035,1.0,A10003
EFL-10003-05,2045,1.0,A10003
ACL-00000-01,1045,1.0,A10004
AT-00000-01,1050,1.0,A10004
ACL-00000-01,1043,0.9,A10004
ARI-00000-01,1048,1.0,A10004
ARI-00000-01,1049,1.0,A10004
EFL-10003-01,119,0.45,A10004
EFL-10001-02,123,0.45,A10004
NI-10004-01,126,1.0,A10004
NI-10004-01,2047,1.0,A10004
SSAM-10004-02,126,1.0,A10004
AP-00000-01,1052,1.0,A10004
AT-PR19-01,1051,1.0,A10004
INC-10001-01,123,0.45,A10004
EFL-10004-01,2048,1.0,A10004
IPA-10004-01,130,1.0,A10004
SSAM-10004-01,130,1.0,A10004
SSAM-10004-01,123,0.45,A10004
ARC-00000-01,1046,1.0,A10004
NI-00000-02,161,0.9,A10004
ARC-00000-01,1047,1.0,A10004
ARC-00000-01,125,0.9,A10004
NI-00000-01,127,1.0,A10004
NI-00000-01,129,1.0,A10004
NI-10004-01,129,1.0,A10004
NI-10004-01,2049,1.0,A10004
HMBI-10001-04,25,0.0,A10001
CHMB-10001-02,1021,0.0,A10001
AR-00000-01,1015,1.0,A10001
EFL-10003-06,1040,0.45,A10003
ACL-10001-02,1006,0.9,A10001
EFL-10001-03,1021,0.0,A10001
CHMB-10001-04,1021,0.0,A10001
CHMB-10001-01,23,0.0,A10001
CHMB-10001-02,23,0.0,A10001
HMBI-10001-03,49,0.0,PR18_19
HMBN-10001-02,2026,0.0,A10001
HMBC-10001-01,1021,0.0,A10001
C6-PR18-01,1025,0.9,PR18_19
C6-10001-02,1026,0.9,A10001
HMBI-10001-02,1003,0.0,A10001
EFL-A8004-01,131,1.0,A2001
NI-00000-01,128,1.0,A10004
RIPA-10003-02,105,0.45,A10003
AR-00000-01,1038,0.05,A10003
ARC-A8001-02,1057,1.0,A2001
HMBI-10001-02,43,0.0,A10001
AR-PR11-01,1013,1.0,A10001
HMBI-10001-02,1013,1.0,A10001
ARI-10001-01,1011,1.0,A10001
EFL-10001-03,1023,0.0,A10001
HMBI-10001-04,39,0.0,A10001
HMBI-10005-04,1076,1.0,A10005
IPA-10001-01,29,0.05,A10001
HMBI-10001-02,30,0.0,A10001
HMBN-10001-02,1023,0.0,A10001
INC-10001-02,40,0.0,A10001
AGL-10005-01,2002,0.0,A10001
ARI-00000-01,1103,1.0,A10001
EFL-10001-03,1025,0.9,PR18_19
EFL-10001-03,2006,0.0,A10001
VE1-10001-01,36,0.0,A10001
EFL-A2001-01,133,1.0,A8003
EFL-A2001-01,134,1.0,A2001
ACL-10001-01,1005,0.9,A10001
AT-10001-01,1008,0.9,A10001
EFL-10001-02,49,0.0,PR18_19
EFL-10001-05,2001,0.25,A10001
CHMB-10001-04,1013,1.0,A10001
ARC-10001-01,1010,1.0,A10001
ACL-PR18-01,1079,0.9,A10005
ARI-00000-01,1080,1.0,A10005
ARI-00000-01,1081,1.0,A10005
VE1-10001-01,156,0.0,A10005
NI-10005-01,1076,1.0,A10005
ARC-00000-01,1090,1.0,A10005
ARC-00000-01,158,0.0,A10005
HMBN-10001-02,1015,1.0,A10001
AR-00000-01,1016,1.0,A10001
INC-10001-01,35,0.0,A10001
CYH-10003-01,107,0.0,A10003
CYH-10003-01,2061,0.0,A10003
NI-00000-01,114,0.9,A10003
CYH-10003-01,108,0.0,A10003
HMBI-PR11-01,1066,0.05,A10005
HMBH-10005-01,149,0.0,A10005
NI-10001-04,60,0.9,A10001
EFL-10001-05,15,0.0,A10001
EFL-10001-04,15,0.0,A10001
EFL-10001-05,2032,0.0,A10001
HMBN-10001-01,42,0.0,A10001
HMBI-10001-02,1006,0.9,A10001
ACL-PR18-01,1005,0.9,A10001
HMBN-10001-01,1013,1.0,A10001
AR-00000-03,1013,1.0,A10001
AT-00000-01,1009,1.0,A10001
EFL-10001-01,1,0.0,A10001
ACL-10001-01,23,0.0,A10001
EFL-10001-02,23,0.0,A10001
HMBN-10001-02,10,0.0,A10001
HMBN-10001-01,32,0.0,A10001
INC-10001-02,12,0.0,A10001
HMBC-10001-01,11,0.0,A10001
HMBI-10001-03,1001,0.0,A10001
HMBI-10001-02,103,0.0,A10003
CHMB-10001-04,1024,0.0,PR18_19
CHMB-10001-04,159,0.0,PR18_19
HMBI-10001-01,36,0.0,A10001
AR-PR11-01,1012,1.0,A10001
HMBI-10001-04,12,0.0,A10001
HMBI-10001-04,38,0.0,A10001
HMBI-10001-04,28,0.0,A10001
EFL-10001-02,4,0.0,A10001
EFL-10001-03,2005,1.0,A10001
EFL-10001-02,51,0.0,A10001
EFL-10001-03,2007,1.0,A10001
HMBI-10001-03,54,0.45,A10001
CHMB-10001-01,34,0.0,A10001
CHMB-10001-02,34,0.0,A10001
HMBI-10001-04,31,0.0,A10001
NI-00000-02,60,0.9,A10001
EFL-10001-04,53,0.45,A10001
HMBI-10005-01,157,0.0,A10005
HMBI-10005-01,2054,0.0,A10005
HMBH-10005-01,157,0.0,A10005
HMBH-10005-01,2055,0.0,A10005
EFL-10005-01,158,0.0,A10005
EFL-10005-01,2058,0.05,A10005
EFL-10005-01,2060,0.05,A10005
HMBI-10005-03,154,1.0,A10005
ARC-10005-01,1087,1.0,A10005
ARC-00000-01,1088,1.0,A10005
HMBH-10005-01,1092,0.9,A10005
AR-00000-04,1092,0.9,A10005
ARC-00000-01,1089,1.0,A10005
AR-00000-04,1093,0.9,A10005
AR-00000-04,1094,0.45,A10005
AR-00000-04,1095,1.0,A10005
AR-00000-01,1095,1.0,A10005
AR-00000-04,1096,1.0,A10005
AR-00000-01,1096,1.0,A10005
AR-00000-04,1097,0.9,A10005
HMBH-10005-01,1098,0.9,A10005
AR-00000-04,1098,0.9,A10005
NI-10005-01,162,1.0,PR18_19
AGL-10005-01,1091,0.9,A10005
AR-00000-01,1091,0.9,A10005
NI-10005-01,2057,1.0,A10005
ACL-00000-01,1077,1.0,A10005
AT-00000-01,1085,0.9,A10005
AT-00000-01,1086,1.0,A10005
ACL-PR18-01,1078,1.0,A10005
EFL-10001-05,2012,0.0,A10001
EFL-10001-02,156,0.0,A10005
HMBI-10005-02,1076,1.0,A10005
EFL-10001-03,2051,0.0,A10005
AP-00000-01,1082,1.0,A10005
AP-00000-01,1083,0.9,A10005
AP-00000-01,1084,0.9,A10005
AGL-10005-01,2052,0.0,A10005
AGL-10005-01,2053,0.0,A10005
HMBI-10001-02,1068,0.0,A10005
HMBI-PR11-01,1056,1.0,A1900
EFL-A2001-01,1058,1.0,A2001
EFL-A2001-02,135,1.0,A2001
EFL-A2001-01,136,1.0,A2001
INC-10001-04,134,1.0,A2001
EFL-A2001-01,137,1.0,A2001
EFL-A2001-01,2050,1.0,A2001
EFL-A2001-01,130,1.0,A10004
ARC-A8001-01,1062,1.0,A8001
EFL-A8001-01,145,1.0,A8001
ARC-A8004-01,1063,1.0,A8004
EFL-A8004-02,147,1.0,A8004
EFL-10001-02,1,0.0,A10001
