"Isometric","LINE ID","Design Area","DN","FLUIDO","SEQ","INSULATION","TRAIN","SPEC","QTY Spools","QTY Spools Unique","Total Welds","QTY Welds Shop (SW)","QTY Welds Field (FW)","TOTAL DIAINCH ("")","TOTAL DONE DIAINCH ("")","RATIO DONE DIAINCH (%)","ISO TOTAL SW & FW 90-100%","BUDGET DIAINCH SHOP ("")","DONE DIAINCH SHOP ("")","RATIO DONE SHOP DIAINCH (%)","ISO SHOP 90-100%","BUDGET DIAINCH FIELD ("")","DONE DIAINCH FIELD ("")","RATIO DONE FIELD DIAINCH (%)","ISO FIELD 90-100%","PENDING DIANCH","ISO SW END BY WEEK","ISO FW END BY WEEK","QTY STD Supports TEN/TEIGA","100% at site","BUDGET SUPPORT PIECES","QTY SUPPORT","% PROGRESS DELIVERY IN SITE","SUPPORTS DELIVERED 90-100%","TOTAL PIECES SUPPORT RECIEVED","QTY SUPPORT RECIEVED","FABRICADO","TOTAL PIECES SUPPORT INSTALLED","QTY SUPPORT INSTALLED","% PROGRESS ERECTED","SPS","STATUS","STATUS SPS 1 = erected","PreCOM","MESSURE","TEST PACK","SUBSYSTEM","CONSTRUC COORD PROGRESS","CATEGORY PED","TEST PRESSURE MAX (BAR G)","PROGRESS SW+FW (%)"
"/A10001-100-AGL-10395-U1BC2A-CF_01","AGL-10395","A10001","100","AGL","10395","CF","01","U1BC2A","5","3","8","5","3","32","32","100.00","90-100%","20","20","100.00","90-100%","12","12","100.00","90-100%","0","41","13","TECHNIP","100.00","4","2","100.00","90-100%","4","2","0","4","2","100.00","NOT APPLY",NULL,NULL,"Ready for Dossier",10,"7|20","AGL-10005-01","100.00","Art. 4.3","15","100.000"
"/A10001-100-AGL-10395-U1BC2A-CF_02","AGL-10395","A10001","100","AGL","10395","CF","02","U1BC2A","24","6","29","19","10","83.5","83.5","100.00","90-100%","48.5","48.5","100.00","90-100%","35","35","100.00","90-100%","0","41","11","TECHNIP","81.82","11","5","81.82",NULL,"9","3","0","7","3","63.64","NOT APPLY",NULL,NULL,NULL,7,"7|25","AGL-10005-01","89.09","Art. 4.3","15","100.000"
"/A10001-100-AGL-108208-U1BC2A-NC_01","AGL-108208","A10001","100","AGL","108208","NC","01","U1BC2A","11","4","15","10","5","51","51","100.00","90-100%","35","35","100.00","90-100%","16","16","100.00","90-100%","0","41","13","TECHNIP","100.00","11","7","100.00","90-100%","11","7","0","11","7","100.00","NOT APPLY",NULL,NULL,"Ready for Dossier",10,"2010|45","AGL-10005-01","100.00",NULL,"15","100.000"
"/A10001-100-AGL-108259-U1BC2A-CF_01","AGL-108259","A10001","100","AGL","108259","CF","01","U1BC2A","26","5","33","22","11","88.5","80.5","90.96","90-100%","49.5","49.5","100.00","90-100%","39","31","79.49","Not Finished","8","42","Not Finished","TECHNIP","83.33","12","5","83.33",NULL,"10","3","0","9","3","75.00","NOT APPLY",NULL,NULL,NULL,5,"7|98","AGL-10005-01","86.35","Art. 4.3","15","89.745"
"/A10001-100-AGL-108259-U1BC2A-CF_02","AGL-108259","A10001","100","AGL","108259","CF","02","U1BC2A","5","3","8","5","3","32","32","100.00","90-100%","20","20","100.00","90-100%","12","12","100.00","90-100%","0","43","13","TECHNIP","100.00","4","2","100.00","90-100%","4","2","0","4","2","100.00","NOT APPLY",NULL,NULL,"Ready for Dossier",10,"7|47","AGL-10005-01","100.00","Art. 4.3","15","100.000"
"/A10001-100-AR-104155-U1BC2A-PP_01","AR-104155","A10001","100","AR","104155","PP","01","U1BC2A","56","8","59","50","9","172","168","97.67","90-100%","147","147","100.00","90-100%","25","21","84.00","Not Finished","4","52","Not Finished","TECHNIP","92.86","14","5","92.86","90-100%","13","4","1","12","4","85.71","NOT APPLY",NULL,NULL,NULL,5,"1012","AR-00000-02","90.91","Art. 4.3","15","92.000"
"/A10001-100-AR-104156-U1BC2A-PP_01","AR-104156","A10001","100","AR","104156","PP","01","U1BC2A","17","3","19","16","3","52","52","100.00","90-100%","40","40","100.00","90-100%","12","12","100.00","90-100%","0","42","15","TECHNIP","100.00","3","2","100.00","90-100%","3","2","0","1","0","33.33","NOT APPLY",NULL,NULL,NULL,7,"1012","AR-00000-02","80.00","Art. 4.3","15","100.000"
"/A10001-100-AR-104264-U1BC2A-PP_01","AR-104264","A10001","100","AR","104264","PP","01","U1BC2A","51","9","54","50","4","170","154","90.59","90-100%","154","154","100.00","90-100%","16",NULL,"0.00","Not Finished","16","52","Not Finished","TECHNIP","100.00","7","3","100.00","90-100%","7","3","0","0","0","0.00","NOT APPLY",NULL,NULL,NULL,5,"1014","HMBI-10001-03","40.00","Art. 4.3","15","50.000"
"/A10001-100-AR-104265-U1BC2A-NC_01","AR-104265","A10001","100","AR","104265","NC","01","U1BC2A","24","5","27","20","7","68","63","92.65","90-100%","43","43","100.00","90-100%","25","20","80.00","Not Finished","5","52","Not Finished","TECHNIP","100.00","6","4","100.00","90-100%","6","4","0","5","3","83.33","NOT APPLY",NULL,NULL,NULL,5,"1014","AR-00000-01","89.00","Art. 4.3","15","90.000"
"/A10001-100-C6-95604-U1CD2B-CCTN_01","C6-95604","A10001","100","C6","95604","CCTN","01","U1CD2B","22","3","26","21","5","73","73","100.00","90-100%","53","53","100.00","90-100%","20","20","100.00","90-100%","0","41","15","TECHNIP","90.00","10","3","90.00","90-100%","9","2","0","10","3","100.00","NOT APPLY",NULL,NULL,"Ready for Dossier",10,"2031","EFL-10001-03","100.00","Art. 4.3","23.52","100.000"
"/A10001-100-CHMB-101121-U4BC1B-CC_01","CHMB-101121","A10001","100","CHMB","101121","CC","01","U4BC1B","46","11","53","41","12","170.5","166.5","97.65","90-100%","134","134","100.00","90-100%","36.5","32.5","89.04","Not Finished","4","42","Not Finished","TECHNIP","90.63","32","11","90.63","90-100%","29","8","0","27","8","84.38","SPS-006|SPS-008","ENVIADO|ENVIADO","1|1",NULL,5,"1","CHMB-10001-02","92.03","I","15","94.520"
"/A10001-100-CHMB-101131-U4BC1B-CC_01","CHMB-101131","A10001","100","CHMB","101131","CC","01","U4BC1B","17","2","19","14","5","55.5","54.5","98.20","90-100%","40","40","100.00","90-100%","15.5","14.5","93.55","90-100%","1","36","51","TECHNIP","100.00","4","1","100.00","90-100%","4","1","0","4","1","100.00","SPS-007","ENVIADO","1",NULL,8,"1","CHMB-10001-02","98.07","I","15","96.775"
"/A10001-100-CHMB-101304-U4BC1B-NC_01","CHMB-101304","A10001","100","CHMB","101304","NC","01","U4BC1B","11","2","14","11","3","46","46","100.00","90-100%","42","42","100.00","90-100%","4","4","100.00","90-100%","0","32","10","TECHNIP","100.00","8","5","100.00","90-100%","8","5","0","8","5","100.00","NOT APPLY",NULL,NULL,"Ready for Dossier",10,"2011","CHMB-10001-04","100.00",NULL,"15","100.000"
"/A10001-100-CHMB-106728-U4BC1B-CC_01","CHMB-106728","A10001","100","CHMB","106728","CC","01","U4BC1B","56","17","71","50","21","212","212","100.00","90-100%","166","166","100.00","90-100%","46","46","100.00","90-100%","0","47","47","TECHNIP","95.45","44","12","95.45","90-100%","42","10","0","44","12","100.00","NOT APPLY",NULL,NULL,"Ready for Dossier",10,"4","CHMB-10001-03","100.00","Art. 4.3","15","100.000"
"/A10001-100-CHMB-106729-U4BC1B-CC_01","CHMB-106729","A10001","100","CHMB","106729","CC","01","U4BC1B","21","4","23","17","6","62","62","100.00","90-100%","49","49","100.00","90-100%","13","13","100.00","90-100%","0","36","43","TECHNIP","100.00","5","2","100.00","90-100%","5","2","0","5","2","100.00","NOT APPLY",NULL,NULL,"Ready for Dossier",10,"4","CHMB-10001-03","100.00","Art. 4.3","15","100.000"
"/A10001-100-CIPA-10321-U4BC1B-PP_01","CIPA-10321","A10001","100","CIPA","10321","PP","01","U4BC1B","15","3","18","10","8","56","56","100.00","90-100%","28","28","100.00","90-100%","28","28","100.00","90-100%","0","32","50","TECHNIP","100.00","8","5","100.00","90-100%","8","5","0","6","3","75.00","NOT APPLY",NULL,NULL,NULL,7,"13","HMBI-10001-04","92.50","I","15","100.000"
"/A10001-100-EFL-108705-U4BC1B-NC_01","EFL-108705","A10001","100","EFL","108705","NC","01","U4BC1B","1","1","1","1","0","4","4","100.00","90-100%","4","4","100.00","90-100%","0",NULL,NULL,"NOT REQUIRED","0","37","NOT REQUIRED","NOT APPLY",NULL,"0","0",NULL,NULL,"0","0","0","0","0","0","NOT APPLY",NULL,NULL,NULL,7,"2012","EFL-10001-05","100.00","Art. 4.3","15","100.00"
"/A10001-100-EFL-108861-U4BC1B-PP_01","EFL-108861","A10001","100","EFL","108861","PP","01","U4BC1B","11","5","16","10","6","60","44","73.33",NULL,"40","40","100.00","90-100%","20","4","20.00","Not Finished","16","41","Not Finished","TECHNIP","100.00","10","3","100.00","90-100%","10","3","0","0","0","0.00","NOT APPLY",NULL,NULL,NULL,5,"2059","EFL-10005-01","46.00","Art. 4.3","15","60.000"
"/A10001-100-HMBH-104201-U4BC1B-CC_01","HMBH-104201","A10001","100","HMBH","104201","CC","01","U4BC1B","29","7","33","27","6","100.5","100.5","100.00","90-100%","86.5","86.5","100.00","90-100%","14","14","100.00","90-100%","0","49","42","TECHNIP","94.44","18","5","94.44","90-100%","17","4","0","18","5","100.00","SPS-009|SPS-012","ENVIADO|ENVIADO","1|1","Ready for Dossier",10,"3","HMBI-10001-03","100.00","Art. 4.3","15","100.000"