SUBSYSTEM,SERVICE
ACL-00000-01,Distribución agua caliente de lavados
ACL-10001-01,Agua caliente de lavados A10001
ACL-10001-02,Agua caliente de lavados A10001 (2)
ACL-10003-01,Agua caliente de lavados A10003
ACL-10005-01,Agua caliente de lavados A10005
ACL-A6001-01,Agua caliente de lavados A6000
ACL-PR18-01,Agua caliente de lavados PR18/19
AGL-10005-01,Agua glicolada y lineas asociadas
AP-00000-01,Agua potable (colector)
AP-PR19-01,Agua potable (PR19)
AR-00000-01,Agua refrigeración (colector)
AR-00000-02,"Agua refrigeración 
(subcolectores A10001 alto)"
AR-00000-03,"Agua refrigeración 
(subcolectores A10001 bajo)"
AR-00000-04,"Agua refrigeración 
(subcolectores A10003)"
AR-00000-05,"Agua refrigeración 
(subcolectores A10005)"
AR-A6001-01,Agua refrigeración A6000
AR-PR11-01,Agua refrigeración PR11
ARC-00000-01,Aire de servicio (colector)
ARC-10001-01,Aire de servicio A10001
ARC-10003-01,Aire de servicio A10003
ARC-10005-01,Aire de servicio A10005
ARC-A6001-01,Aire de servicio A6000
ARC-A8001-01,Aire de servicio UXX838
ARC-A8001-02,Aire de servicio UXX811
ARC-A8004-01,Aire de servicio UXX837
ARC-PR19-01,Aire de servicio PR19
ARI-00000-01,Aire de instrumentos colector
ARI-10001-01,Aire de instrumentos A10001
ARI-10003-01,Aire de instrumentos A10003
ARI-PR19-01,Aire de instrumentos PR19
ASUN-A1200-01,Ácido sulfúrico A1200
ASUN-PR18-01,Ácido sulfúrico PR18
AT-00000-01,Agua tratada colector
AT-10001-01,Agua tratada A10001
AT-10003-01,Agua tratada A10003
AT-PR19-01,Agua tratada PR19
AT97-A6001-01,Importación AT97
C6-00000-01,Condensados general
C6-10001-01,Condensados A10001
C6-10001-02,Estabilización condensados antes de exportación
C6-10001-03,Condensados A10001 (2)
C6-PR18-01,Condensados interconexión
CHMB-10001-01,HMBI crudo A10001 reactor 1
CHMB-10001-02,HMBI crudo A10001 reactor 2
CHMB-10001-03,HMBI crudo A10001 reciclo pesados a esterificación
CHMB-10001-04,Recipiente HMBI bruto
CIPA-10001-01,Recipiente recolección IPA a destilación
CIPA-10001-02,Paquete Z-1049
CIPA-10001-03,Paquete Z-1049
CYH-10003-01,Caseta Ciclohexano
CYH-10004-01,Bomba carga IPA / CYH
EFL-A6001-02,#REF!
EFL-10003-02,NEW (last sub-system version)
EFL-10003-01,Sistema de drenajes EFL-3
EFL-10003-06,Segunda columna de destilacion y elementos asociados
EFL-10003-04,Recipiente enterrado efluentes IPA y lineas asociadas
EFL-10001-05,Recipiente enterrado efluentes HMBI y lineas asociadas 2
EFL-10001-01,Sistema de drenajes EFL-1
EFL-10001-02,Sistema de drenajes EFL-2
EFL-10005-01,Bomba B-10886 y elementos asociados
EFL-10001-03,Drenajes abiertos de edificio HMBI
EFL-10001-04,Recipiente enterrado efluentes HMBI y lineas asociadas
EFL-10003-03,Pit drenajes abierto IPA y lineas asociadas
EFL-10003-05,Drenajes abiertos de edificio IPA
EFL-A6001-01,Lineas de efluentes en area 6000
EFL-10004-01,Bomba B-1558 y elementos asociados
EFL-A8004-01,Empuje neumatico desde UXX837/UXX838
EFL-A2001-01,Recipiente R-8353 y elementos asociados
EFL-A2001-02,Flauta drenajes asociada al R-8353
EFL-A8001-01,Recogida efluentes UXX838
EFL-A8004-02,Recogida efluentes UXX837
HMBC-10001-01,Evaporador IPA
HMBH-10005-01,Almacenamiento pesados
HMBI-10001-03,"Evaporador de pelicula fina, condensador, pesados, y lineas asociadas"
HMBI-10001-04,Paquete Z-1032 y lineas asociadas
HMBI-10001-02,"Filtro rotativo, recipiente filtrato, recipiente torta, y lineas asociadas"
HMBI-10005-01,Almacenamiento de HMBI off-spec y lineas asociadas
HMBI-10001-01,Sistema de acumulacion temporal de HMBI y lineas asociadas
HMBI-10005-02,Brazo de carga de HMBI off-spec/pesados
HMBI-10005-03,Almacenamiento de HMBI y lineas asociadas
HMBI-PR11-01,Linea de HMBI sobre PR11
HMBI-10005-04,Brazo de carga de HMBI
HMBN-10001-01,Reactor neutralización
HMBN-10001-02,Recipiente evaporación agua
INC-10001-04,Condensacion de IPA en evaporacion IPA/agua
INC-10001-02,Recipiente recogida efluentes gaseosos y lineas asociadas
INC-10001-03,Paquete Z-1019 y lineas asociadas
INC-10001-01,Venteos gaseosos con blanketing
IPA-10001-01,Línea IPA hacia filtro S-10390
IPA-10004-01,Tanque IPA
NHOH-PR18-01,Línea solución amoniaco PR18
NI-10001-01,"Distribucion interna de nitrogeno para area 10001, primer grupo de subcolectores"
NI-10001-04,"Distribucion interna de nitrogeno para area 10001, cuarto grupo de subcolectores"
NI-00000-02,Distribucion general de nitrogeno de alta presion para SPEAR
NI-10001-05,"Distribucion interna de nitrogeno para area 10001, quinto grupo de subcolectores"
NI-10001-06,"Distribucion interna de nitrogeno para area 10001, sexto grupo de subcolectores"
NI-10001-02,"Distribucion interna de nitrogeno para area 10001, segundo grupo de subcolectores"
NI-10001-03,"Distribucion interna de nitrogeno para area 10001, tercer grupo de subcolectores"
NI-10003-01,"Distribucion interna de nitrogeno para area 10003, primer grupo de subcolectores"
NI-00000-01,Distribucion general de nitrogeno de baja presion para SPEAR
NI-10003-02,"Distribucion interna de nitrogeno para area 10003, segundo grupo de subcolectores"
NI-10004-01,Estacion de nitrogeno para brazos de carga area 10004
NI-A6001-01,Distribucion interna de nitrogeno para area 6000
NI-PR12-01,Linea de nitrogeno sobre PR12
NI-PR12-02,
NI-PR12-03,
NI-PR12-04,
NI-10005-01,Distribucion interna de nitrogeno para area 10005
RIPA-10003-02,Decantador y lineas asociadas
RIPA-10003-01,Recipiente IPA reciclado y lineas asociadas
RIPA-10001-01,Linea de IPA hacia esterificacion
RIPA-10003-05,Primera columna de destilacion y elementos asociados
RIPA-10003-04,Condensador segunda columna y lineas asociadas
RIPA-10003-03,Recipiente reflujo segunda columna y lineas asociadas
RIPA-10003-07,(NEW) Nitrogen
SSAM-10004-01,Tanque solución sulfato
SSAM-10004-02,Brazo carga solución sulfato
V6-00000-01,Distribución general vapor
V6-10001-01,Distribución interna vapor A10001
VE1-10001-01,Venteos gaseosos sin blanketing
