ISOMETRIC,TP 100% FW+SW,SUBSYSTEM,CRONO,PRIORITY,HITO,REINSTATEMENT,INSULATION,SIEMSA,TECHNIP,TESTPACK,DELIVERY PROGRESS 100% BY TEN,READY TO INSTALL INST (SIEMSA),QTY INST,SCOPE BY TIEGA-TMI,SCOPE BY SIEMSA,INSTALLED (SIEMSA),INSTALLED (TEIGA-TMI),TOTAL INSTALLED,TRAC (YES & NOT),Tag Circuito Traceado
A10001-40-HMBH-104242-U4BC1B-CCTN_01,0.4,HMBI-10001-03,93,4,HITO 7,7/11/2025,8/10/2025,8/1/2025,8/31/2025,1001|4,,,1,1,0,,,0,YES,EHT-104242-TH
A10001-40-HMBH-104262-U4BC1B-CC_01,0.4,HMBI-10001-03,93,4,HITO 7,7/11/2025,8/10/2025,8/1/2025,8/31/2025,152|4,,,5,5,0,,,0,YES,EHT-104262-TH
A10001-50-EFL-104244-U4BC1B-CC_01,0.8,EFL-10001-02,29,5,HITO 6,7/22/2025,8/7/2025,8/12/2025,9/11/2025,4,,,0,0,0,,,0,NOT,NOT
A10001-80-HMBH-104241-U4BC1B-CC_01,0.97,HMBI-10001-03,93,4,HITO 7,7/11/2025,8/10/2025,8/1/2025,8/31/2025,4,,,1,0,1,,,0,NOT,NOT
A10001-25-EFL-101323-U4BC1B-PP_01,0.67,EFL-10001-02,29,5,HITO 6,7/22/2025,8/7/2025,8/12/2025,9/11/2025,5,,,0,0,0,,,0,NOT,NOT
A10001-25-EFL-108553-U4BC1B-PP_01,0.6,EFL-10001-01,38,5,HITO 7,7/22/2025,8/28/2025,8/12/2025,9/11/2025,15|156,,,0,0,0,,,0,NOT,NOT
A10001-200-CIPA-102201-U4BC1B-CC_01,1,HMBC-10001-01,80,7,HITO 8,7/16/2025,8/9/2025,8/6/2025,9/5/2025,16,,,1,0,1,,NOT_APPLY,0,NOT,NOT
A10001-80-EFL-103704-U4BC1B-CCTN_01,0.83,EFL-10001-01,38,5,HITO 7,7/22/2025,8/28/2025,8/12/2025,9/11/2025,27,,,0,0,0,,,0,YES,EHT-103704-TH
A10001-80-EFL-103705-U4BC1B-PP_01,0.81,EFL-10001-01,38,5,HITO 7,7/22/2025,8/28/2025,8/12/2025,9/11/2025,27,,,0,0,0,,,0,NOT,NOT
A10001-50-CIPA-103999-U4BC1B-CCTN_01,0.4,HMBI-10001-04,89,4,HITO 7,7/11/2025,8/10/2025,8/1/2025,8/31/2025,28,,,0,0,0,,,0,YES,EHT-103999-TH
A10001-25-IPA-103952-U4BC1B-CC_01,0.5,IPA-10001-01,85,3,HITO 5,6/30/2025,7/27/2025,7/21/2025,8/20/2025,29,,,3,3,0,,,0,NOT,NOT
A10001-25-IPA-15523-U4BC1B-NC_01,0.78,INC-10001-03,95,4,HITO 6,7/29/2025,,8/19/2025,9/18/2025,29,,,0,0,0,,,0,NOT,NOT
A10001-25-IPA-15524-U4BC1B-NC_01,0.64,CIPA-10001-03,78,7,HITO 8,8/23/2025,,9/13/2025,10/13/2025,29,,,0,0,0,,,0,NOT,NOT
A10001-25-IPA-15525-U4BC1B-NC_01,0.84,IPA-10001-01,85,3,HITO 5,6/30/2025,7/27/2025,7/21/2025,8/20/2025,29,,,0,0,0,,,0,NOT,NOT
