subsystem,total_insulation,done_insulation,pending_insulation,total_loop,done_loop,pending_loop,n_distinct_tps,list_includes_tp_id,list_id_tp_total_progress,total_inst,total_installed,pending_inst,done_inst,total_punch,pending_punch,close_punch,open_punch,s_n,description,fluid_subsystem,hito_isos
ACL-00000-01,9,0,9,5,4,1,5,1030|1043|1045|1077|1079,1.00|1.00|1.00|1.00|1.00,4,4,0,4,,,,,1,Distribucion agua caliente de lavados,ACL,HITO 3
ACL-10001-01,34,0,34,9,0,9,3,23|26|1005,0.70|0.50|0.99,13,0,13,0,,,,,2,Agua caliente de lavados A10001,ACL,HITO 3
ACL-10001-02,3,0,3,3,0,3,1,1006,1,4,0,4,0,,,,,3,Agua caliente de lavados A10001 (2),ACL,HITO 3
ACL-10003-01,11,0,11,,,,1,1029,1,,,,,,,,,4,Agua caliente de lavados A10003,ACL,HITO 3
ACL-10005-01,6,0,6,,,,1,1078,1,,,,,,,,,5,Agua caliente de lavados A10005,ACL,HITO 3
ACL-A6001-01,1,0,1,,,,1,1061,1,,,,,,,,,6,Agua caliente de lavados A6000,ACL,HITO 3
ACL-PR18-01,5,0,5,,,,5,1005|1029|1078|1079|1099,1.00|1.00|1.00|1.00|0.80,1,1,0,1,,,,,7,Agua caliente de lavados PR18/19,ACL,HITO 3
AGL-10005-01,30,0,30,42,21,21,8,6|7|57|1091|2002|2010|2052|2053,0.99|0.96|1.00|1.00|0.60|1.00|0.79|0.64,27,5,22,0,,,,,8,Agua glicolada y lineas asociadas,AGL,HITO 6
AP-00000-01,23,0,23,1,0,1,7,1007|1031|1052|1082|1083|1084|1100,0.88|1.00|1.00|1.00|1.00|1.00|1.00,,,,,,,,,9,Agua potable (colector),AP,HITO 5
AP-PR19-01,1,0,1,1,1,0,1,1100,1,2,1,1,0,,,,,10,Agua potable (PR19),AP,HITO 4
AR-00000-01,13,9,4,9,0,9,13,1012|1014|1015|1016|1037|1038|1091|1095|1096|1106|1107|1108|1109,1.00|1.00|1.00|1.00|1.00|1.00|1.00|1.00|1.00|1.00|1.00|1.00|1.00,12,0,12,0,,,,,11,Agua refrigeracion (colector),AR,HITO 2
AR-00000-02,12,4,8,4,0,4,3,1012|1013|1109,1.00|1.00|1.00,8,0,8,0,,,,,12,"Agua refrigeracion 
(subcolectores A10001 alto)",AR,HITO 8
AR-00000-04,1,0,1,,,,7,1092|1093|1094|1095|1096|1097|1098,1.00|1.00|1.00|1.00|1.00|1.00|1.00,,,,,,,,,14,"Agua refrigeracion 
(subcolectores A10003)",AR,HITO 5
AR-00000-05,4,0,4,,,,1,1038,0.98,2,0,2,0,,,,,15,"Agua refrigeracion 
(subcolectores A10005)",AR,HITO 8
AR-PR11-01,12,0,12,,,,4,1012|1013|1037|1109,1.00|1.00|1.00|1.00,1,0,1,0,,,,,17,Agua refrigeracion PR11,AR,HITO 2
ASUN-A1200-01,3,0,3,9,0,9,1,132,1,,,,,,,,,31,Ácido sulfúrico A1200,ASUN,HITO 5
ASUN-PR18-01,4,0,4,3,0,3,2,50|132,1.00|1.00,12,0,12,0,,,,,32,Ácido sulfúrico PR18,ASUN,HITO 7
AT-00000-01,4,0,4,,,,4,1009|1050|1085|1086,1.00|1.00|1.00|1.00,,,,,,,,,33,Agua tratada colector,AT,HITO 3
AT-10001-01,9,0,9,,,,1,1008,1,,,,,,,,,34,Agua tratada A10001,AT,HITO 3
AT-10003-01,5,0,5,,,,1,1034,1,,,,,,,,,35,Agua tratada A10003,AT,HITO 3
AT-PR19-01,2,0,2,1,1,0,2,1051|1104,1.00|1.00,2,1,1,0,,,,,36,Agua tratada PR19,AT,HITO 3
AT97-A6001-01,16,4,12,45,26,19,8,52|139|140|141|142|143|144|148,1.00|1.00|1.00|1.00|1.00|1.00|1.00|1.00,19,8,11,0,1,0,0,1,37,Importacion AT97,AT97,HITO 5
C6-00000-01,10,0,10,,,,2,65|1044,0.94|1.00,,,,,,,,,38,Condensados general,C6,HITO 6
C6-10001-01,6,0,6,,,,2,65|1020,1.00|0.88,,,,,,,,,39,Condensados A10001,C6,HITO 6
C6-10001-02,17,0,17,20,8,12,5,56|1025|1026|1053|2029,1.00|1.00|1.00|1.00|1.00,9,0,9,0,,,,,40,Estabilizacion condensados antes de exportacion,C6,HITO 3
C6-10001-03,4,0,4,,,,1,1021,0.69,,,,,,,,,41,Condensados A10001 (2),C6,HITO 6
C6-PR18-01,1,0,1,7,6,1,1,1025,1,11,6,5,0,,,,,42,Condensados interconexion,C6,HITO 3
CHMB-10001-01,13,0,13,37,0,37,5,17|23|34|55|1021,0.83|0.68|0.69|1.00|0.78,26,0,26,0,,,,,43,HMBI crudo A10001 reactor 1,CHMB,HITO 8
CHMB-10001-02,19,0,19,70,9,61,7,1|2|18|23|34|55|1021,0.96|1.00|0.82|0.62|0.67|1.00|0.50,45,0,45,0,,,,,44,HMBI crudo A10001 reactor 2,CHMB,HITO 8
CHMB-10001-03,4,0,4,19,6,13,1,4,1,17,6,11,0,,,,,45,HMBI crudo A10001 reciclo pesados a esterificacion,CHMB,HITO 7
CHMB-10001-04,21,0,21,36,8,28,9,5|34|41|53|159|1013|1021|1024|2011,0.63|0.92|0.41|1.00|0.60|1.00|0.70|0.60|1.00,27,0,27,0,,,,,46,Recipiente HMBI bruto,CHMB,HITO 8
CIPA-10001-01,19,0,19,24,8,16,10,12|17|18|24|34|38|45|53|55|67,0.91|0.70|0.65|0.68|0.40|1.00|1.00|1.00|1.00|0.88,11,0,11,0,,,,,47,Recipiente recoleccion IPA a destilacion,CIPA,HITO 8
CIPA-10001-03,1,0,1,13,0,13,2,29|38,1.00|0.47,,,,,,,,,49,Paquete Z-1049,CIPA,HITO 8
CYH-10003-01,5,0,5,15,0,15,4,86|107|108|2061,0.88|0.93|0.83|0.83,6,0,6,0,,,,,50,Caseta Ciclohexano,CYH,HITO 7
CYH-10004-01,6,0,6,21,18,3,2,86|119,1.00|1.00,19,17,2,0,4,4,0,0,51,Bomba carga IPA / CYH,CYH,HITO 4
EFL-10001-01,35,0,35,,,,12,1|3|5|11|15|23|27|46|47|51|155|156,0.70|0.52|0.50|0.70|0.82|0.49|0.97|0.68|1.00|0.66|0.86|0.73,,,,,,,,,58,Sistema de drenajes EFL-1,EFL,HITO 7
EFL-10001-02,32,0,32,,,,21,1|3|4|5|8|9|10|11|12|15|23|44|45|46|47|49|51|121|123|155|156,0.50|0.70|0.80|0.70|0.70|0.98|1.00|0.70|0.62|0.98|0.66|1.00|0.65|0.70|1.00|0.75|1.00|1.00|1.00|0.99|0.63,,,,,,,,,59,Sistema de drenajes EFL-2,EFL,HITO 6
EFL-10001-03,15,0,15,1,0,1,17,58|1020|1021|1023|1025|2003|2004|2005|2006|2007|2008|2015|2024|2029|2030|2031|2051,0.97|0.40|0.40|0.72|1.00|1.00|0.86|1.00|0.70|1.00|0.95|0.77|0.92|1.00|0.97|0.98|0.75,1,0,1,0,,,,,61,Drenajes abiertos de edificio HMBI,EFL,HITO 7
EFL-10003-01,16,0,16,6,6,0,14,75|77|80|82|84|88|91|99|102|103|106|109|110|119,1.00|0.75|0.99|1.00|0.70|1.00|0.70|1.00|0.70|0.70|0.80|1.00|1.00|1.00,7,6,1,0,,,,,54,Sistema de drenajes EFL-3,EFL,HITO 6
EFL-10003-02,8,0,8,3,0,3,2,109|146,1.00|1.00,6,0,6,0,,,,,53,NEW (last sub-system version),EFL,HITO 5
EFL-10003-05,3,0,3,,,,6,99|1040|1041|2036|2043|2045,1.00|1.00|0.70|1.00|1.00|1.00,,,,,,,,,64,Drenajes abiertos de edificio IPA,EFL,HITO 5
EFL-10003-06,22,6,16,53,20,33,10,66|77|81|89|106|109|111|1040|2038|2040,0.89|0.83|1.00|1.00|1.00|1.00|1.00|1.00|0.90|0.94,26,9,17,0,,,,,55,Segunda columna de destilacion y elementos asociados,EFL,HITO 7
EFL-10005-01,3,0,3,1,0,1,4,158|2058|2059|2060,1.00|1.00|0.98|1.00,1,0,1,0,,,,,60,Bomba B-10886 y elementos asociados,EFL,HITO 6
EFL-A2001-01,3,3,0,6,0,6,7,130|133|134|136|137|1058|2050,1.00|0.98|0.93|1.00|1.00|1.00|1.00,3,0,3,0,,,,,68,Recipiente R-8353 y elementos asociados,EFL,HITO 2
EFL-A6001-01,3,1,2,,,,2,140|141,1.00|1.00,,,,,,,,,65,Lineas de efluentes en area 6000,EFL,HITO 4
EFL-A6001-02,2,2,0,,,,1,133,1,,,,,,,,,52,Not Found,EFL,HITO 2
EFL-A8001-01,3,1,2,7,0,7,1,145,1,9,0,9,0,,,,,70,Recogida efluentes UXX838,EFL,HITO 5
EFL-A8004-01,3,1,2,8,0,8,1,131,1,8,0,8,0,,,,,67,Empuje neumatico desde UXX837/UXX838,EFL,HITO 4
EFL-A8004-02,3,2,1,7,6,1,1,147,1,9,6,3,0,,,,,71,Recogida efluentes UXX837,EFL,HITO 5
HMBC-10001-01,17,2,15,33,8,25,7,11|16|54|159|1018|1021|2020,0.80|1.00|1.00|0.94|0.94|0.40|1.00,23,0,23,0,,,,,72,Evaporador IPA,HMBC,HITO 8
HMBH-10005-01,16,6,10,38,26,12,9,149|150|151|153|154|157|1092|1098|2055,1.00|0.99|0.92|1.00|1.00|0.70|1.00|1.00|0.70,25,13,12,0,,,,,73,Almacenamiento pesados,HMBH,HITO 7
HMBI-10001-01,21,3,18,42,6,36,7,36|53|1002|1004|1072|2022|2023,0.53|1.00|0.98|0.60|0.89|1.00|1.00,34,2,32,0,,,,,78,Sistema de acumulacion temporal de HMBI y lineas asociadas,HMBI,HITO 6
HMBI-10001-02,29,3,26,65,15,50,16,14|30|34|43|44|46|53|61|103|1001|1003|1006|1013|1068|1101|2027,0.87|0.96|0.60|0.45|1.00|0.70|1.00|1.00|1.00|0.85|0.94|1.00|1.00|1.00|1.00|0.88,41,2,39,0,,,,,76,Filtro rotativo; recipiente filtrato; recipiente torta; y lineas asociadas,HMBI,HITO 7
HMBI-10001-03,31,4,27,59,12,47,14,3|4|22|49|53|54|152|1001|1014|1020|1110|2013|2014|2025,0.91|0.64|1.00|0.64|1.00|1.00|0.78|0.52|1.00|0.77|1.00|0.63|0.98|1.00,35,3,32,0,,,,,74,Evaporador de pelicula fina; condensador; pesados; y lineas asociadas,HMBI,HITO 7
HMBI-10001-04,14,0,14,72,3,69,12,12|13|25|28|29|31|38|39|69|70|2016|2017,1.00|0.96|0.40|0.40|1.00|0.70|0.74|0.60|1.00|0.84|0.45|0.40,21,0,21,0,,,,,75,Paquete Z-1032 y lineas asociadas,HMBI,HITO 7
HMBI-10005-01,20,6,14,62,20,42,14,17|52|154|157|1002|1027|1028|1055|1064|1068|1071|1073|1105|2054,0.91|1.00|1.00|1.00|1.00|0.85|1.00|1.00|1.00|0.98|0.92|0.96|1.00|1.00,43,8,35,0,,,,,77,Almacenamiento de HMBI off-spec y lineas asociadas,HMBI,HITO 7
HMBI-10005-02,3,0,3,19,7,12,3,153|1075|1076,1.00|1.00|1.00,4,4,0,4,,,,,79,Brazo de carga de HMBI off-spec/pesados,HMBI,HITO 5
HMBI-10005-03,18,3,15,67,42,25,9,154|157|1065|1066|1067|1069|1070|1074|2056,1.00|1.00|1.00|1.00|1.00|1.00|1.00|1.00|1.00,31,17,14,0,,,,,80,Almacenamiento de HMBI y lineas asociadas,HMBI,HITO 5
HMBI-PR11-01,9,1,8,7,0,7,3,1054|1056|1066,1.00|1.00|1.00,10,0,10,0,,,,,81,Linea de HMBI sobre PR11,HMBI,HITO 5
HMBN-10001-01,15,4,11,46,8,38,4,8|32|42|1013,0.90|0.77|0.58|1.00,19,0,19,0,,,,,83,Reactor neutralizacion,HMBN,HITO 7
HMBN-10001-02,14,3,11,65,11,54,6,10|19|53|1015|1023|2026,0.92|1.00|1.00|1.00|0.85|1.00,18,0,18,0,,,,,84,Recipiente evaporacion agua,HMBN,HITO 8
INC-10001-01,12,0,12,5,0,5,7,34|35|96|97|99|123|160,0.86|0.79|0.70|0.84|1.00|1.00|1.00,12,0,12,0,,,,,88,Venteos gaseosos con blanketing,INC,HITO 6
INC-10001-02,14,3,11,32,12,20,7,12|37|40|53|68|79|2021,0.80|0.98|0.57|1.00|0.78|0.92|0.93,16,5,11,0,,,,,86,Recipiente recogida efluentes gaseosos y lineas asociadas,INC,HITO 7
INC-10001-04,11,3,8,12,0,12,6,11|20|33|53|134|2019,0.50|0.96|0.70|1.00|1.00|0.88,11,0,11,0,,,,,85,Condensacion de IPA en evaporacion IPA/agua,INC,HITO 6
IPA-10001-01,2,1,1,17,6,11,1,29,1,3,0,3,0,,,,,89,Linea IPA hacia filtro S-10390,IPA,HITO 5
IPA-10004-01,2,0,2,43,26,17,7,29|73|83|120|122|130|160,1.00|1.00|1.00|1.00|1.00|1.00|1.00,36,27,9,0,,,,,90,Tanque IPA,IPA,HITO 4
RIPA-10001-01,3,0,3,12,8,4,1,75,1,11,8,3,0,,,,,111,Linea de IPA hacia esterificacion,RIPA,HITO 5
RIPA-10003-01,21,3,18,24,14,10,6,74|88|93|96|111|1037,1.00|0.88|1.00|0.95|1.00|1.00,14,4,10,0,,,,,110,Recipiente IPA reciclado y lineas asociadas,RIPA,HITO 6
RIPA-10003-02,19,2,17,49,29,20,8,73|84|92|97|98|103|105|2037,1.00|0.87|1.00|1.00|0.70|0.93|1.00|1.00,26,9,17,0,,,,,109,Decantador y lineas asociadas,RIPA,HITO 7
RIPA-10003-03,15,4,11,25,16,9,5,96|102|104|111|2039,0.87|0.92|1.00|1.00|0.87,15,5,10,0,,,,,114,Recipiente reflujo segunda columna y lineas asociadas,RIPA,HITO 6
RIPA-10003-04,3,2,1,4,0,4,3,85|90|96,1.00|1.00|1.00,3,0,3,0,1,0,0,1,113,Condensador segunda columna y lineas asociadas,RIPA,HITO 5
RIPA-10003-05,31,4,27,54,29,25,11,82|91|94|95|101|102|112|1037|1041|2041|2042,1.00|0.94|1.00|1.00|0.80|0.97|1.00|1.00|0.96|1.00|1.00,39,17,22,0,1,0,0,1,112,Primera columna de destilacion y elementos asociados,RIPA,HITO 8
SSAM-10004-01,16,0,16,29,22,7,6,44|118|121|123|124|130,1.00|1.00|1.00|1.00|1.00|1.00,27,18,9,0,,,,,116,Tanque solucion sulfato,SSAM,HITO 5
V6-00000-01,11,0,11,16,6,10,5,117|159|1019|1020|1042,0.85|0.87|0.68|0.89|1.00,25,14,11,0,,,,,118,Distribucion general vapor,V6,HITO 6
V6-10001-01,3,0,3,10,0,10,2,159|1017,0.79|0.82,10,0,10,0,,,,,119,Distribucion interna vapor A10001,V6,HITO 7
V6-10001-02,1,0,1,,,,1,1022,0.4,,,,,,,,,,,,
VE1-10001-01,1,0,1,33,16,17,5,36|37|76|156|157,0.49|0.98|0.98|1.00|0.94,21,15,6,0,,,,,120,Venteos gaseosos sin blanketing,VE1,HITO 6
AR-9000-01,,,,19,0,19,,,,,,,,,,,,,,,
ARC-00000-01,,,,9,4,5,8,125|158|1035|1046|1047|1088|1089|1090,1.00|1.00|1.00|1.00|1.00|1.00|1.00|1.00,11,3,8,0,,,,,18,Aire de servicio (colector),ARC,HITO 1
ARI-00000-01,,,,3,3,0,6,1039|1048|1049|1080|1081|1103,1.00|1.00|1.00|1.00|1.00|1.00,,,,,,,,,27,Aire de instrumentos colector,ARI,HITO 1
CIPA-10001-02,,,,37,0,37,3,29|38|1012,1.00|0.51|1.00,,,,,,,,,48,Paquete Z-1049,CIPA,HITO 8
CT13-10002-03,,,,14,0,14,,,,,,,,,,,,,,,
CT13-10002-04,,,,11,0,11,,,,,,,,,,,,,,,
CT13-10002-05,,,,13,13,0,,,,,,,,12,12,0,0,,,,
CT13-10002-08,,,,5,5,0,,,,,,,,4,2,0,2,,,,
CT13-10002-10,,,,3,0,3,,,,,,,,3,0,0,3,,,,
CT13-10002-14,,,,4,0,4,,,,,,,,7,0,0,7,,,,
CYH-10004-02,,,,10,9,1,,,,,,,,,,,,,,,
EFL-10001-04,,,,25,18,7,6,15|26|35|53|1027|2018,0.70|0.82|1.00|1.00|0.99|1.00,10,4,6,0,,,,,62,Recipiente enterrado efluentes HMBI y lineas asociadas,EFL,HITO 6
EFL-10001-05,,,,14,7,7,8,15|26|72|79|2001|2009|2012|2032,0.70|0.95|0.89|0.86|0.89|1.00|1.00|0.40,7,0,7,0,,,,,57,Recipiente enterrado efluentes HMBI y lineas asociadas 2,EFL,HITO 6
EFL-10003-03,,,,11,5,6,5,72|78|2033|2034|2044,1.00|1.00|1.00|1.00|1.00,3,0,3,0,,,,,63,Pit drenajes abierto IPA y lineas asociadas,EFL,HITO 5
EFL-10003-04,,,,12,4,8,7,71|78|87|100|111|161|2035,0.78|1.00|1.00|0.84|1.00|1.00|0.99,8,0,8,0,,,,,56,Recipiente enterrado efluentes IPA y lineas asociadas,EFL,HITO 6
EFL-10004-01,,,,6,5,1,3,125|2046|2048,1.00|1.00|1.00,1,1,0,1,,,,,66,Bomba B-1558 y elementos asociados,EFL,HITO 4
FF-10001-01,,,,39,0,39,,,,,,,,,,,,,,,
FF-10003-01,,,,31,0,31,,,,,,,,,,,,,,,
FF-10004-01,,,,15,1,14,,,,,,,,,,,,,,,
FF-10005-01,,,,3,0,3,,,,,,,,,,,,,,,
HMBI-10005-04,,,,5,4,1,1,1076,1,,,,,,,,,82,Brazo de carga de HMBI,HMBI,HITO 5
INC-10001-03,,,,15,0,15,2,29|38,1.00|0.68,,,,,,,,,87,Paquete Z-1019 y lineas asociadas,INC,HITO 6
NHOH-PR18-01,,,,6,0,6,1,48,1,5,0,5,0,,,,,91,Linea solucion amoniaco PR18,NHOH,HITO 5
NI-00000-01,,,,13,1,12,6,114|127|128|129|162|2028,1.00|1.00|1.00|1.00|1.00|1.00,20,0,20,0,,,,,100,Distribucion general de nitrogeno de baja presion para SPEAR,NI,HITO 4
NI-00000-02,,,,2,0,2,2,60|161,1.00|1.00,,,,,,,,,94,Distribucion general de nitrogeno de alta presion para SPEAR,NI,HITO 4
NI-10001-01,,,,13,13,0,1,59,1,19,13,6,0,,,,,92,Distribucion interna de nitrogeno para area 10001; primer grupo de subcolectores,NI,HITO 4
NI-10001-04,,,,3,0,3,1,60,1,12,0,12,0,,,,,93,Distribucion interna de nitrogeno para area 10001; cuarto grupo de subcolectores,NI,HITO 4
NI-10004-01,,,,6,6,0,4,126|129|2047|2049,1.00|1.00|1.00|1.00,7,6,1,0,,,,,102,Estacion de nitrogeno para brazos de carga area 10004,NI,HITO 2
NI-A6001-01,,,,3,3,0,1,138,1,4,3,1,0,2,2,0,0,103,Distribucion interna de nitrogeno para area 6000,NI,HITO 1
NI-PR12-01,,,,1,0,1,1,161,1,4,1,3,0,,,,,104,Linea de nitrogeno sobre PR12,NI,HITO 2
NOT,,,,1,0,1,,,,,,,,,,,,,,,
SSAM-10004-02,,,,9,8,1,1,126,1,,,,,2,0,0,2,117,Brazo carga solucion sulfato,SSAM,HITO 1
ARC-10001-01,,,,,,,1,1010,1,3,0,3,0,,,,,19,Aire de servicio A10001,ARC,HITO 2
ARC-10005-01,,,,,,,1,1087,1,4,0,4,0,5,5,0,0,21,Aire de servicio A10005,ARC,HITO 1
ARC-A6001-01,,,,,,,1,1059,1,2,0,2,0,5,5,0,0,22,Aire de servicio A6000,ARC,HITO 1
ARC-A8001-02,,,,,,,1,1057,1,1,0,1,0,4,4,0,0,24,Aire de servicio UXX811,ARC,HITO 1
ARC-PR19-01,,,,,,,3,1035|1045|1087,1.00|1.00|1.00,3,1,2,0,4,4,0,0,26,Aire de servicio PR19,ARC,HITO 1
ARI-10001-01,,,,,,,1,1011,1,1,0,1,0,,,,,28,Aire de instrumentos A10001,ARI,HITO 1
ARI-10003-01,,,,,,,2,1032|1033,1.00|1.00,1,0,1,0,,,,,29,Aire de instrumentos A10003,ARI,HITO 1
ARI-PR19-01,,,,,,,1,1102,1,3,2,1,0,,,,,30,Aire de instrumentos PR19,ARI,HITO 1
NI-10001-02,,,,,,,1,63,0.95,5,0,5,0,,,,,97,Distribucion interna de nitrogeno para area 10001; segundo grupo de subcolectores,NI,HITO 8
NI-10001-03,,,,,,,1,64,1,2,0,2,0,,,,,98,Distribucion interna de nitrogeno para area 10001; tercer grupo de subcolectores,NI,HITO 2
NI-10001-05,,,,,,,2,61|161,1.00|1.00,4,0,4,0,,,,,95,Distribucion interna de nitrogeno para area 10001; quinto grupo de subcolectores,NI,HITO 4
NI-10003-02,,,,,,,1,116,1,2,0,2,0,,,,,101,Distribucion interna de nitrogeno para area 10003; segundo grupo de subcolectores,NI,HITO 2
NI-10003-03,,,,,,,1,115,1,1,0,1,0,,,,,,,,
NI-10005-01,,,,,,,3,162|1076|2057,1.00|1.00|1.00,1,0,1,0,,,,,108,Distribucion interna de nitrogeno para area 10005,NI,HITO 2
ARC-10003-01,,,,,,,1,1036,1,,,,,2,2,0,0,20,Aire de servicio A10003,ARC,HITO 2
ARC-8004-01,,,,,,,,,,,,,,2,2,0,0,,,,
ARC-A8001-01,,,,,,,1,1062,1,,,,,2,2,0,0,23,Aire de servicio UXX838,ARC,HITO 1
AT97-A6001-01/EFL-A6001-01,,,,,,,,,,,,,,2,0,0,2,,,,
CT13-10002-01,,,,,,,,,,,,,,3,0,0,3,,,,
CT13-10002-02,,,,,,,,,,,,,,6,2,4,0,,,,
CT13-10002-06,,,,,,,,,,,,,,2,0,0,2,,,,
CT13-10002-07,,,,,,,,,,,,,,5,5,0,0,,,,
CT13-10002-09,,,,,,,,,,,,,,5,0,0,5,,,,
CT13-10002-12,,,,,,,,,,,,,,4,0,0,4,,,,
CT13-10002-15,,,,,,,,,,,,,,1,1,0,0,,,,
CT2-8003-01,,,,,,,,,,,,,,4,4,0,0,,,,
EFL-A2001-02,,,,,,,1,135,1,,,,,4,4,0,0,69,Flauta drenajes asociada al R-8353,EFL,HITO 2
