SUBSYSTEM,TOTAL_ITEMS,DONEITEMS,PENDINGITEMS,TEST PACK,PROGRESS,TOTAL_LOOPS,DONELOOPS,PENDINGLOOPS
ACL-00000-01,14,0,14,1030,93.75,5.0,0.0,5.0
ACL-00000-01,14,0,14,1043,100.0,5.0,0.0,5.0
ACL-00000-01,14,0,14,1045,92.5,5.0,0.0,5.0
ACL-00000-01,14,0,14,1077,70.0,5.0,0.0,5.0
ACL-00000-01,14,0,14,1079,46.666666666666664,5.0,0.0,5.0
ACL-10001-01,63,0,63,1005,61.00411764705882,9.0,0.0,9.0
ACL-10001-01,63,0,63,23,48.05,9.0,0.0,9.0
ACL-10001-01,63,0,63,26,0.0,9.0,0.0,9.0
ACL-10001-02,11,0,11,1006,53.093333333333334,3.0,0.0,3.0
ACL-10003-01,16,0,16,1029,48.18181818181818,,,
ACL-10005-01,6,0,6,1078,70.0,,,
ACL-A6001-01,2,0,2,1061,58.57,,,
ACL-PR18-01,17,0,17,1005,96.16,,,
ACL-PR18-01,17,0,17,1029,32.31,,,
ACL-PR18-01,17,0,17,1078,98.33,,,
ACL-PR18-01,17,0,17,1079,70.0,,,
ACL-PR18-01,17,0,17,1099,50.0,,,
AGL-10005-01,91,0,91,1091,86.67,42.0,16.0,26.0
AGL-10005-01,91,0,91,2002,40.0,42.0,16.0,26.0
AGL-10005-01,91,0,91,2010,100.0,42.0,16.0,26.0
AGL-10005-01,91,0,91,2052,40.0,42.0,16.0,26.0
AGL-10005-01,91,0,91,2053,46.25,42.0,16.0,26.0
AGL-10005-01,91,0,91,57,100.0,42.0,16.0,26.0
AGL-10005-01,91,0,91,6,89.88888888888889,42.0,16.0,26.0
AGL-10005-01,91,0,91,7,80.06500000000001,42.0,16.0,26.0
AP-00000-01,42,0,42,1007,43.06,1.0,0.0,1.0
AP-00000-01,42,0,42,1031,40.0,1.0,0.0,1.0
AP-00000-01,42,0,42,1052,80.0,1.0,0.0,1.0
AP-00000-01,42,0,42,1082,63.75,1.0,0.0,1.0
AP-00000-01,42,0,42,1083,40.0,1.0,0.0,1.0
AP-00000-01,42,0,42,1084,40.0,1.0,0.0,1.0
AP-00000-01,42,0,42,1100,77.5,1.0,0.0,1.0
AP-00000-01,42,0,42,ANULADA,0.0,1.0,0.0,1.0
AP-PR19-01,8,0,8,1100,100.0,1.0,0.0,1.0
AR-00000-01,64,0,64,1012|1109,93.08,11.0,0.0,11.0
AR-00000-01,64,0,64,1014,89.0,11.0,0.0,11.0
AR-00000-01,64,0,64,1015,77.334,11.0,0.0,11.0
AR-00000-01,64,0,64,1016,94.68,11.0,0.0,11.0
AR-00000-01,64,0,64,1037,95.495,11.0,0.0,11.0
AR-00000-01,64,0,64,1038,82.75,11.0,0.0,11.0
AR-00000-01,64,0,64,1091,79.14,11.0,0.0,11.0
AR-00000-01,64,0,64,1095,70.0,11.0,0.0,11.0
AR-00000-01,64,0,64,1096,70.0,11.0,0.0,11.0
AR-00000-01,64,0,64,1106,100.0,11.0,0.0,11.0
AR-00000-01,64,0,64,1107,100.0,11.0,0.0,11.0
AR-00000-01,64,0,64,1108,94.545,11.0,0.0,11.0
AR-00000-01,64,0,64,1109,88.43666666666667,11.0,0.0,11.0
AR-00000-02,54,0,54,1012,70.52272727272727,4.0,0.0,4.0
AR-00000-02,54,0,54,1012|1109,92.5,4.0,0.0,4.0
AR-00000-02,54,0,54,1013,84.695,4.0,0.0,4.0
AR-00000-04,2,0,2,1092,68.13,,,
AR-00000-04,2,0,2,1093,70.0,,,
AR-00000-04,2,0,2,1094,70.0,,,
AR-00000-04,2,0,2,1095,70.0,,,
AR-00000-04,2,0,2,1096,65.71,,,
AR-00000-04,2,0,2,1097,60.0,,,
AR-00000-04,2,0,2,1098,48.0,,,
AR-00000-05,14,0,14,1038,77.94090909090909,,,
AR-PR11-01,11,0,11,1012,79.0,,,
AR-PR11-01,11,0,11,1013,44.234375,,,
AR-PR11-01,11,0,11,1037,94.0,,,
AR-PR11-01,11,0,11,1109,100.0,,,
ASUN-A1200-01,8,0,8,132,100.0,9.0,0.0,9.0
ASUN-PR18-01,25,0,25,132|50,100.0,3.0,0.0,3.0
ASUN-PR18-01,25,0,25,50,64.52666666666666,3.0,0.0,3.0
AT-00000-01,8,0,8,1009,70.0,,,
AT-00000-01,8,0,8,1050,100.0,,,
AT-00000-01,8,0,8,1085,70.0,,,
AT-00000-01,8,0,8,1086,70.0,,,
AT-10001-01,21,0,21,1008,76.46333333333332,,,
AT-10003-01,12,0,12,1034,55.6,,,
AT-PR19-01,16,0,16,1051,96.25,1.0,0.0,1.0
AT-PR19-01,16,0,16,1104,92.22,1.0,0.0,1.0
AT97-A6001-01,61,2,59,139,95.1075,45.0,26.0,19.0
AT97-A6001-01,61,2,59,139|52,68.98,45.0,26.0,19.0
AT97-A6001-01,61,2,59,140,100.0,45.0,26.0,19.0
AT97-A6001-01,61,2,59,141,87.31,45.0,26.0,19.0
AT97-A6001-01,61,2,59,142,88.43,45.0,26.0,19.0
AT97-A6001-01,61,2,59,143,100.0,45.0,26.0,19.0
AT97-A6001-01,61,2,59,144,100.0,45.0,26.0,19.0
AT97-A6001-01,61,2,59,148,100.0,45.0,26.0,19.0
AT97-A6001-01,61,2,59,52,62.5,45.0,26.0,19.0
C6-00000-01,27,0,27,65,69.753,,,
C6-10001-01,7,0,7,1020,43.376,,,
C6-10001-01,7,0,7,1020|65,70.0,,,
C6-10001-02,38,0,38,1025,73.702,20.0,8.0,12.0
C6-10001-02,38,0,38,1025|1053,94.38,20.0,8.0,12.0
C6-10001-02,38,0,38,1026,90.0,20.0,8.0,12.0
C6-10001-02,38,0,38,1053,87.75399999999999,20.0,8.0,12.0
C6-10001-02,38,0,38,2029,86.16,20.0,8.0,12.0
C6-10001-02,38,0,38,56,100.0,20.0,8.0,12.0
C6-10001-03,14,0,14,1021,53.795,,,
C6-PR18-01,23,0,23,1025,87.85,7.0,0.0,7.0
C6-PR18-01,23,0,23,ANULADA,40.0,7.0,0.0,7.0
CHMB-10001-01,58,0,58,1021,0.0,37.0,0.0,37.0
CHMB-10001-01,58,0,58,17,65.79666666666667,37.0,0.0,37.0
CHMB-10001-01,58,0,58,23,61.593333333333334,37.0,0.0,37.0
CHMB-10001-01,58,0,58,34,21.07,37.0,0.0,37.0
CHMB-10001-01,58,0,58,55,100.0,37.0,0.0,37.0
CHMB-10001-02,99,0,99,1,95.05,70.0,8.0,62.0
CHMB-10001-02,99,0,99,1021,0.0,70.0,8.0,62.0
CHMB-10001-02,99,0,99,18,80.8625,70.0,8.0,62.0
CHMB-10001-02,99,0,99,2,100.0,70.0,8.0,62.0
CHMB-10001-02,99,0,99,23,54.125,70.0,8.0,62.0
CHMB-10001-02,99,0,99,34,20.0,70.0,8.0,62.0
CHMB-10001-02,99,0,99,55,100.0,70.0,8.0,62.0
CHMB-10001-03,30,0,30,4,94.875,19.0,0.0,19.0
CHMB-10001-04,72,0,72,1013,40.0,36.0,8.0,28.0
CHMB-10001-04,72,0,72,1021,40.0,36.0,8.0,28.0
CHMB-10001-04,72,0,72,1024|159,40.0,36.0,8.0,28.0
CHMB-10001-04,72,0,72,2011,100.0,36.0,8.0,28.0
CHMB-10001-04,72,0,72,34,44.275,36.0,8.0,28.0
CHMB-10001-04,72,0,72,41,41.38333333333333,36.0,8.0,28.0
CHMB-10001-04,72,0,72,5,39.11333333333334,36.0,8.0,28.0
CHMB-10001-04,72,0,72,53,100.0,36.0,8.0,28.0
CIPA-10001-01,53,0,53,12,84.81,24.0,8.0,16.0
CIPA-10001-01,53,0,53,17,70.0,24.0,8.0,16.0
CIPA-10001-01,53,0,53,18,65.69,24.0,8.0,16.0
CIPA-10001-01,53,0,53,24,68.42,24.0,8.0,16.0
CIPA-10001-01,53,0,53,34,40.0,24.0,8.0,16.0
CIPA-10001-01,53,0,53,38,100.0,24.0,8.0,16.0
CIPA-10001-01,53,0,53,45,71.715,24.0,8.0,16.0
CIPA-10001-01,53,0,53,53,100.0,24.0,8.0,16.0
CIPA-10001-01,53,0,53,55,100.0,24.0,8.0,16.0
CIPA-10001-01,53,0,53,67,85.334,24.0,8.0,16.0
CIPA-10001-03,1,0,1,29,64.43,13.0,0.0,13.0
CIPA-10001-03,1,0,1,38,46.666666666666664,13.0,0.0,13.0
CYH-10003-01,28,0,28,107|2061,0.0,15.0,0.0,15.0
CYH-10003-01,28,0,28,108,0.0,15.0,0.0,15.0
CYH-10003-01,28,0,28,108|2061,0.0,15.0,0.0,15.0
CYH-10003-01,28,0,28,86,55.56,15.0,0.0,15.0
CYH-10004-01,38,0,38,119,95.99199999999999,21.0,4.0,17.0
CYH-10004-01,38,0,38,119|86,94.55,21.0,4.0,17.0
CYH-10004-01,38,0,38,86,90.14,21.0,4.0,17.0
DOES NOT EXIST,3,0,3,,,,,
EFL-10001-01,78,0,78,1,0.0,,,
EFL-10001-01,78,0,78,11,28.95,,,
EFL-10001-01,78,0,78,15,83.72,,,
EFL-10001-01,78,0,78,155,70.0,,,
EFL-10001-01,78,0,78,155|156,46.835,,,
EFL-10001-01,78,0,78,156,46.839999999999996,,,
EFL-10001-01,78,0,78,15|156,60.0,,,
EFL-10001-01,78,0,78,23,41.25,,,
EFL-10001-01,78,0,78,27,82.12,,,
EFL-10001-01,78,0,78,3,51.665,,,
EFL-10001-01,78,0,78,46,62.2,,,
EFL-10001-01,78,0,78,47,40.0,,,
EFL-10001-01,78,0,78,5,53.75,,,
EFL-10001-01,78,0,78,51,60.57,,,
EFL-10001-02,69,0,69,1,0.0,,,
EFL-10001-02,69,0,69,10,38.665,,,
EFL-10001-02,69,0,69,11,67.72,,,
EFL-10001-02,69,0,69,12,53.52,,,
EFL-10001-02,69,0,69,121,70.0,,,
EFL-10001-02,69,0,69,123,100.0,,,
EFL-10001-02,69,0,69,15,66.54,,,
EFL-10001-02,69,0,69,155,32.88142857142857,,,
EFL-10001-02,69,0,69,156,46.666666666666664,,,
EFL-10001-02,69,0,69,23,66.19,,,
EFL-10001-02,69,0,69,3,70.0,,,
EFL-10001-02,69,0,69,4,80.0,,,
EFL-10001-02,69,0,69,44,40.0,,,
EFL-10001-02,69,0,69,45,55.0,,,
EFL-10001-02,69,0,69,46,70.0,,,
EFL-10001-02,69,0,69,47,52.5,,,
EFL-10001-02,69,0,69,49,75.0,,,
EFL-10001-02,69,0,69,5,66.92,,,
EFL-10001-02,69,0,69,51,97.65,,,
EFL-10001-02,69,0,69,8,70.0,,,
EFL-10001-02,69,0,69,9,76.57,,,
EFL-10001-03,46,0,46,1020,40.0,1.0,0.0,1.0
EFL-10001-03,46,0,46,1021,40.0,1.0,0.0,1.0
EFL-10001-03,46,0,46,1023,40.0,1.0,0.0,1.0
EFL-10001-03,46,0,46,1025,85.0,1.0,0.0,1.0
EFL-10001-03,46,0,46,2003,85.46,1.0,0.0,1.0
EFL-10001-03,46,0,46,2004,61.32142857142857,1.0,0.0,1.0
EFL-10001-03,46,0,46,2005,100.0,1.0,0.0,1.0
EFL-10001-03,46,0,46,2006,55.0,1.0,0.0,1.0
EFL-10001-03,46,0,46,2007,100.0,1.0,0.0,1.0
EFL-10001-03,46,0,46,2008,90.79,1.0,0.0,1.0
EFL-10001-03,46,0,46,2015,74.425,1.0,0.0,1.0
EFL-10001-03,46,0,46,2024,85.7225,1.0,0.0,1.0
EFL-10001-03,46,0,46,2029,79.0,1.0,0.0,1.0
EFL-10001-03,46,0,46,2030|2031,79.68,1.0,0.0,1.0
EFL-10001-03,46,0,46,2031,100.0,1.0,0.0,1.0
EFL-10001-03,46,0,46,2051,63.7375,1.0,0.0,1.0
EFL-10001-05,7,0,7,15,40.0,14.0,4.0,10.0
EFL-10001-05,7,0,7,2001|26,70.0,14.0,4.0,10.0
EFL-10001-05,7,0,7,2009|26,90.08,14.0,4.0,10.0
EFL-10001-05,7,0,7,2012,100.0,14.0,4.0,10.0
EFL-10001-05,7,0,7,2032,40.0,14.0,4.0,10.0
EFL-10001-05,7,0,7,26,78.875,14.0,4.0,10.0
EFL-10001-05,7,0,7,26|72,74.61,14.0,4.0,10.0
EFL-10001-05,7,0,7,72,97.5,14.0,4.0,10.0
EFL-10001-05,7,0,7,72|79,40.0,14.0,4.0,10.0
EFL-10001-05,7,0,7,79,77.3,14.0,4.0,10.0
EFL-10003-01,35,0,35,102,50.0,6.0,0.0,6.0
EFL-10003-01,35,0,35,103,63.08,6.0,0.0,6.0
EFL-10003-01,35,0,35,106,85.0,6.0,0.0,6.0
EFL-10003-01,35,0,35,109,40.0,6.0,0.0,6.0
EFL-10003-01,35,0,35,110,90.0,6.0,0.0,6.0
EFL-10003-01,35,0,35,119,70.0,6.0,0.0,6.0
EFL-10003-01,35,0,35,75,40.0,6.0,0.0,6.0
EFL-10003-01,35,0,35,77,35.0,6.0,0.0,6.0
EFL-10003-01,35,0,35,80,56.61,6.0,0.0,6.0
EFL-10003-01,35,0,35,82,100.0,6.0,0.0,6.0
EFL-10003-01,35,0,35,84,64.0,6.0,0.0,6.0
EFL-10003-01,35,0,35,88,62.5,6.0,0.0,6.0
EFL-10003-01,35,0,35,91,65.0,6.0,0.0,6.0
EFL-10003-01,35,0,35,99,40.0,6.0,0.0,6.0
EFL-10003-02,23,0,23,109,70.0,3.0,0.0,3.0
EFL-10003-02,23,0,23,109|146,100.0,3.0,0.0,3.0
EFL-10003-02,23,0,23,146,100.0,3.0,0.0,3.0
EFL-10003-05,3,0,3,1040,0.0,,,
EFL-10003-05,3,0,3,1041,70.0,,,
EFL-10003-05,3,0,3,2036,89.33999999999999,,,
EFL-10003-05,3,0,3,2043|99,40.0,,,
EFL-10003-05,3,0,3,2045,100.0,,,
EFL-10003-06,75,2,73,1038,95.0,52.0,8.0,44.0
EFL-10003-06,75,2,73,1040,89.29,52.0,8.0,44.0
EFL-10003-06,75,2,73,106,100.0,52.0,8.0,44.0
EFL-10003-06,75,2,73,109|66,33.33,52.0,8.0,44.0
EFL-10003-06,75,2,73,111,100.0,52.0,8.0,44.0
EFL-10003-06,75,2,73,2038,90.0,52.0,8.0,44.0
EFL-10003-06,75,2,73,2040,94.29,52.0,8.0,44.0
EFL-10003-06,75,2,73,66,80.715,52.0,8.0,44.0
EFL-10003-06,75,2,73,77,71.63833333333334,52.0,8.0,44.0
EFL-10003-06,75,2,73,81,100.0,52.0,8.0,44.0
EFL-10003-06,75,2,73,89,100.0,52.0,8.0,44.0
EFL-10005-01,22,0,22,158,81.61,1.0,0.0,1.0
EFL-10005-01,22,0,22,158|2058,92.29,1.0,0.0,1.0
EFL-10005-01,22,0,22,2059,72.545,1.0,0.0,1.0
EFL-10005-01,22,0,22,2060,0.0,1.0,0.0,1.0
EFL-A2001-01,6,0,6,1058,100.0,6.0,0.0,6.0
EFL-A2001-01,6,0,6,130,100.0,6.0,0.0,6.0
EFL-A2001-01,6,0,6,133,100.0,6.0,0.0,6.0
EFL-A2001-01,6,0,6,133|134,85.0,6.0,0.0,6.0
EFL-A2001-01,6,0,6,136,100.0,6.0,0.0,6.0
EFL-A2001-01,6,0,6,137,100.0,6.0,0.0,6.0
EFL-A2001-01,6,0,6,2050,100.0,6.0,0.0,6.0
EFL-A6001-01,7,0,7,140,70.0,,,
EFL-A6001-01,7,0,7,141,80.5,,,
EFL-A6001-02,8,0,8,133,100.0,,,
EFL-A8001-01,6,0,6,145,100.0,7.0,0.0,7.0
EFL-A8004-01,14,0,14,131,100.0,8.0,0.0,8.0
EFL-A8004-02,5,0,5,147,100.0,7.0,6.0,1.0
HMBC-10001-01,70,2,68,1018|159,40.0,33.0,8.0,25.0
HMBC-10001-01,70,2,68,1021,40.0,33.0,8.0,25.0
HMBC-10001-01,70,2,68,11,67.30714285714285,33.0,8.0,25.0
HMBC-10001-01,70,2,68,16,100.0,33.0,8.0,25.0
HMBC-10001-01,70,2,68,2020,93.57,33.0,8.0,25.0
HMBC-10001-01,70,2,68,54,100.0,33.0,8.0,25.0
HMBH-10005-01,52,4,48,1092,65.71,38.0,11.0,27.0
HMBH-10005-01,52,4,48,1098,70.0,38.0,11.0,27.0
HMBH-10005-01,52,4,48,149,86.37,38.0,11.0,27.0
HMBH-10005-01,52,4,48,150,99.74000000000001,38.0,11.0,27.0
HMBH-10005-01,52,4,48,151,90.0,38.0,11.0,27.0
HMBH-10005-01,52,4,48,153,66.66666666666667,38.0,11.0,27.0
HMBH-10005-01,52,4,48,154,100.0,38.0,11.0,27.0
HMBH-10005-01,52,4,48,157|2055,70.0,38.0,11.0,27.0
HMBI-10001-01,59,0,59,1002,71.14285714285714,42.0,4.0,38.0
HMBI-10001-01,59,0,59,1002|1072,95.76,42.0,4.0,38.0
HMBI-10001-01,59,0,59,1004,60.585,42.0,4.0,38.0
HMBI-10001-01,59,0,59,1072,85.0,42.0,4.0,38.0
HMBI-10001-01,59,0,59,2022,100.0,42.0,4.0,38.0
HMBI-10001-01,59,0,59,2023,96.67,42.0,4.0,38.0
HMBI-10001-01,59,0,59,36,42.910000000000004,42.0,4.0,38.0
HMBI-10001-01,59,0,59,53,100.0,42.0,4.0,38.0
HMBI-10001-02,104,2,102,1001,64.225,64.0,13.0,51.0
HMBI-10001-02,104,2,102,1003|14,40.0,64.0,13.0,51.0
HMBI-10001-02,104,2,102,1006,40.0,64.0,13.0,51.0
HMBI-10001-02,104,2,102,1013,46.0,64.0,13.0,51.0
HMBI-10001-02,104,2,102,1022,40.0,64.0,13.0,51.0
HMBI-10001-02,104,2,102,103|44,86.82,64.0,13.0,51.0
HMBI-10001-02,104,2,102,1068,40.0,64.0,13.0,51.0
HMBI-10001-02,104,2,102,1101,67.86,64.0,13.0,51.0
HMBI-10001-02,104,2,102,14,14.545,64.0,13.0,51.0
HMBI-10001-02,104,2,102,2027,50.0,64.0,13.0,51.0
HMBI-10001-02,104,2,102,30,59.0,64.0,13.0,51.0
HMBI-10001-02,104,2,102,34,40.0,64.0,13.0,51.0
HMBI-10001-02,104,2,102,43,45.0,64.0,13.0,51.0
HMBI-10001-02,104,2,102,44,61.71666666666667,64.0,13.0,51.0
HMBI-10001-02,104,2,102,46,70.0,64.0,13.0,51.0
HMBI-10001-02,104,2,102,53,100.0,64.0,13.0,51.0
HMBI-10001-02,104,2,102,61,45.0,64.0,13.0,51.0
HMBI-10001-03,122,9,113,1001|4,40.0,58.0,8.0,50.0
HMBI-10001-03,122,9,113,1014,40.0,58.0,8.0,50.0
HMBI-10001-03,122,9,113,1020,43.333333333333336,58.0,8.0,50.0
HMBI-10001-03,122,9,113,1110,100.0,58.0,8.0,50.0
HMBI-10001-03,122,9,113,152,78.75,58.0,8.0,50.0
HMBI-10001-03,122,9,113,152|4,39.43,58.0,8.0,50.0
HMBI-10001-03,122,9,113,2013,50.0,58.0,8.0,50.0
HMBI-10001-03,122,9,113,2014,83.85,58.0,8.0,50.0
HMBI-10001-03,122,9,113,2025,100.0,58.0,8.0,50.0
HMBI-10001-03,122,9,113,22,100.0,58.0,8.0,50.0
HMBI-10001-03,122,9,113,3,80.8157142857143,58.0,8.0,50.0
HMBI-10001-03,122,9,113,4,80.65,58.0,8.0,50.0
HMBI-10001-03,122,9,113,49,64.0,58.0,8.0,50.0
HMBI-10001-03,122,9,113,53,100.0,58.0,8.0,50.0
HMBI-10001-03,122,9,113,54,100.0,58.0,8.0,50.0
HMBI-10001-04,40,0,40,12,94.0,72.0,0.0,72.0
HMBI-10001-04,40,0,40,13,92.5,72.0,0.0,72.0
HMBI-10001-04,40,0,40,2016,65.0,72.0,0.0,72.0
HMBI-10001-04,40,0,40,2017,40.0,72.0,0.0,72.0
HMBI-10001-04,40,0,40,25,40.0,72.0,0.0,72.0
HMBI-10001-04,40,0,40,28,40.0,72.0,0.0,72.0
HMBI-10001-04,40,0,40,29,70.0,72.0,0.0,72.0
HMBI-10001-04,40,0,40,31,40.0,72.0,0.0,72.0
HMBI-10001-04,40,0,40,38,70.0,72.0,0.0,72.0
HMBI-10001-04,40,0,40,38|70,44.01,72.0,0.0,72.0
HMBI-10001-04,40,0,40,39,60.0,72.0,0.0,72.0
HMBI-10001-04,40,0,40,69,100.0,72.0,0.0,72.0
HMBI-10001-04,40,0,40,70,98.125,72.0,0.0,72.0
HMBI-10001-04,40,0,40,Dec-69,43.62,72.0,0.0,72.0
HMBI-10005-01,71,5,66,1002|1073,70.0,62.0,13.0,49.0
HMBI-10005-01,71,5,66,1027,80.0,62.0,13.0,49.0
HMBI-10005-01,71,5,66,1028,89.36,62.0,13.0,49.0
HMBI-10005-01,71,5,66,1055,98.8,62.0,13.0,49.0
HMBI-10005-01,71,5,66,1064,90.0,62.0,13.0,49.0
HMBI-10005-01,71,5,66,1068,97.446,62.0,13.0,49.0
HMBI-10005-01,71,5,66,1071,89.2,62.0,13.0,49.0
HMBI-10005-01,71,5,66,1073,82.87,62.0,13.0,49.0
HMBI-10005-01,71,5,66,1105,100.0,62.0,13.0,49.0
HMBI-10005-01,71,5,66,154,100.0,62.0,13.0,49.0
HMBI-10005-01,71,5,66,157|2054,87.14,62.0,13.0,49.0
HMBI-10005-01,71,5,66,17,83.88,62.0,13.0,49.0
HMBI-10005-01,71,5,66,52,79.0,62.0,13.0,49.0
HMBI-10005-02,7,0,7,1075,73.66,19.0,0.0,19.0
HMBI-10005-02,7,0,7,1075|153,100.0,19.0,0.0,19.0
HMBI-10005-02,7,0,7,1076,100.0,19.0,0.0,19.0
HMBI-10005-03,65,2,63,1065,95.83500000000001,66.0,33.0,33.0
HMBI-10005-03,65,2,63,1066,95.0,66.0,33.0,33.0
HMBI-10005-03,65,2,63,1067,78.94666666666667,66.0,33.0,33.0
HMBI-10005-03,65,2,63,1069,87.3875,66.0,33.0,33.0
HMBI-10005-03,65,2,63,1070,88.95,66.0,33.0,33.0
HMBI-10005-03,65,2,63,1074,84.54666666666667,66.0,33.0,33.0
HMBI-10005-03,65,2,63,154,100.0,66.0,33.0,33.0
HMBI-10005-03,65,2,63,157|2056,100.0,66.0,33.0,33.0
HMBI-PR11-01,42,14,28,1054,94.11,7.0,0.0,7.0
HMBI-PR11-01,42,14,28,1056,100.0,7.0,0.0,7.0
HMBI-PR11-01,42,14,28,1066,98.63499999999999,7.0,0.0,7.0
HMBN-10001-01,58,0,58,1013,40.0,45.0,8.0,37.0
HMBN-10001-01,58,0,58,32,40.0,45.0,8.0,37.0
HMBN-10001-01,58,0,58,42,33.72,45.0,8.0,37.0
HMBN-10001-01,58,0,58,8,70.56428571428572,45.0,8.0,37.0
HMBN-10001-02,56,3,53,10,43.70857142857143,64.0,11.0,53.0
HMBN-10001-02,56,3,53,1015,50.0,64.0,11.0,53.0
HMBN-10001-02,56,3,53,1023,40.0,64.0,11.0,53.0
HMBN-10001-02,56,3,53,19,85.0,64.0,11.0,53.0
HMBN-10001-02,56,3,53,2026,40.0,64.0,11.0,53.0
HMBN-10001-02,56,3,53,53,100.0,64.0,11.0,53.0
HOLD,7,0,7,160,82.86,,,
INC-10001-01,40,0,40,123|160,85.71,5.0,0.0,5.0
INC-10001-01,40,0,40,160,81.49000000000001,5.0,0.0,5.0
INC-10001-01,40,0,40,34,71.808,5.0,0.0,5.0
INC-10001-01,40,0,40,35,68.87,5.0,0.0,5.0
INC-10001-01,40,0,40,96,40.0,5.0,0.0,5.0
INC-10001-01,40,0,40,97,39.355000000000004,5.0,0.0,5.0
INC-10001-01,40,0,40,99,52.0,5.0,0.0,5.0
INC-10001-02,33,0,33,12,79.505,32.0,8.0,24.0
INC-10001-02,33,0,33,2021,77.5,32.0,8.0,24.0
INC-10001-02,33,0,33,37,84.22999999999999,32.0,8.0,24.0
INC-10001-02,33,0,33,40,56.795,32.0,8.0,24.0
INC-10001-02,33,0,33,53,100.0,32.0,8.0,24.0
INC-10001-02,33,0,33,68,40.0,32.0,8.0,24.0
INC-10001-02,33,0,33,68|79,80.61,32.0,8.0,24.0
INC-10001-04,28,0,28,11,50.0,12.0,0.0,12.0
INC-10001-04,28,0,28,134,100.0,12.0,0.0,12.0
INC-10001-04,28,0,28,20,80.715,12.0,0.0,12.0
INC-10001-04,28,0,28,2019,80.5,12.0,0.0,12.0
INC-10001-04,28,0,28,33,70.0,12.0,0.0,12.0
INC-10001-04,28,0,28,53,100.0,12.0,0.0,12.0
IPA-10001-01,4,0,4,29,41.67,17.0,0.0,17.0
IPA-10004-01,9,0,9,120,76.81285714285715,43.0,6.0,37.0
IPA-10004-01,9,0,9,120|83,100.0,43.0,6.0,37.0
IPA-10004-01,9,0,9,122,98.33333333333333,43.0,6.0,37.0
IPA-10004-01,9,0,9,130,100.0,43.0,6.0,37.0
IPA-10004-01,9,0,9,160,100.0,43.0,6.0,37.0
IPA-10004-01,9,0,9,29|73,90.0,43.0,6.0,37.0
IPA-10004-01,9,0,9,73,94.64500000000001,43.0,6.0,37.0
IPA-10004-01,9,0,9,73|83,96.87,43.0,6.0,37.0
IPA-10004-01,9,0,9,83,100.0,43.0,6.0,37.0
NI-10004-01,11,0,11,119,88.0,6.0,0.0,6.0
NI-10004-01,11,0,11,122,91.0,6.0,0.0,6.0
NI-10004-01,11,0,11,126|2047,100.0,6.0,0.0,6.0
NI-10004-01,11,0,11,129,0.0,6.0,0.0,6.0
NI-10004-01,11,0,11,2049,100.0,6.0,0.0,6.0
RIPA-10001-01,18,0,18,75,83.388,12.0,0.0,12.0
RIPA-10003-01,75,0,75,1037,100.0,24.0,9.0,15.0
RIPA-10003-01,75,0,75,1038,65.71,24.0,9.0,15.0
RIPA-10003-01,75,0,75,111,100.0,24.0,9.0,15.0
RIPA-10003-01,75,0,75,74,100.0,24.0,9.0,15.0
RIPA-10003-01,75,0,75,74|88,97.0,24.0,9.0,15.0
RIPA-10003-01,75,0,75,88,76.50800000000001,24.0,9.0,15.0
RIPA-10003-01,75,0,75,93,100.0,24.0,9.0,15.0
RIPA-10003-01,75,0,75,96,86.25,24.0,9.0,15.0
RIPA-10003-02,110,1,109,103,74.852,49.0,19.0,30.0
RIPA-10003-02,110,1,109,105,100.0,49.0,19.0,30.0
RIPA-10003-02,110,1,109,2037,0.0,49.0,19.0,30.0
RIPA-10003-02,110,1,109,73,40.0,49.0,19.0,30.0
RIPA-10003-02,110,1,109,84,80.21285714285715,49.0,19.0,30.0
RIPA-10003-02,110,1,109,92,98.0,49.0,19.0,30.0
RIPA-10003-02,110,1,109,97,40.0,49.0,19.0,30.0
RIPA-10003-02,110,1,109,98,40.0,49.0,19.0,30.0
RIPA-10003-03,56,0,56,102,76.64714285714285,25.0,9.0,16.0
RIPA-10003-03,56,0,56,1038,65.71,25.0,9.0,16.0
RIPA-10003-03,56,0,56,104,100.0,25.0,9.0,16.0
RIPA-10003-03,56,0,56,111,100.0,25.0,9.0,16.0
RIPA-10003-03,56,0,56,2039,87.5,25.0,9.0,16.0
RIPA-10003-03,56,0,56,96,55.0,25.0,9.0,16.0
RIPA-10003-04,9,7,2,85,100.0,4.0,0.0,4.0
RIPA-10003-04,9,7,2,90,100.0,4.0,0.0,4.0
RIPA-10003-04,9,7,2,96,42.11,4.0,0.0,4.0
RIPA-10003-05,133,2,131,101,70.83200000000001,54.0,9.0,45.0
RIPA-10003-05,133,2,131,102,79.13499999999999,54.0,9.0,45.0
RIPA-10003-05,133,2,131,1037,100.0,54.0,9.0,45.0
RIPA-10003-05,133,2,131,1038,63.08,54.0,9.0,45.0
RIPA-10003-05,133,2,131,1041,86.22,54.0,9.0,45.0
RIPA-10003-05,133,2,131,112,100.0,54.0,9.0,45.0
RIPA-10003-05,133,2,131,2041,100.0,54.0,9.0,45.0
RIPA-10003-05,133,2,131,2042,100.0,54.0,9.0,45.0
RIPA-10003-05,133,2,131,82,100.0,54.0,9.0,45.0
RIPA-10003-05,133,2,131,91,92.3,54.0,9.0,45.0
RIPA-10003-05,133,2,131,94,100.0,54.0,9.0,45.0
RIPA-10003-05,133,2,131,95,100.0,54.0,9.0,45.0
SSAM-10004-01,59,0,59,118,96.86,29.0,5.0,24.0
SSAM-10004-01,59,0,59,121,98.89,29.0,5.0,24.0
SSAM-10004-01,59,0,59,123,91.82,29.0,5.0,24.0
SSAM-10004-01,59,0,59,124,98.785,29.0,5.0,24.0
SSAM-10004-01,59,0,59,124|44,44.75,29.0,5.0,24.0
SSAM-10004-01,59,0,59,130,100.0,29.0,5.0,24.0
V6-00000-01,96,0,96,1019|159,40.79,16.0,0.0,16.0
V6-00000-01,96,0,96,1020|159,45.03,16.0,0.0,16.0
V6-00000-01,96,0,96,1042,100.0,16.0,0.0,16.0
V6-00000-01,96,0,96,1042|159,85.0,16.0,0.0,16.0
V6-00000-01,96,0,96,117,40.0,16.0,0.0,16.0
V6-00000-01,96,0,96,117|159,95.0,16.0,0.0,16.0
V6-00000-01,96,0,96,159,83.88199999999999,16.0,0.0,16.0
V6-10001-01,24,0,24,1017,65.455,10.0,0.0,10.0
V6-10001-01,24,0,24,1017|159,70.25,10.0,0.0,10.0
VE1-10001-01,5,0,5,156|157,74.0,32.0,0.0,32.0
VE1-10001-01,5,0,5,157,87.96999999999998,32.0,0.0,32.0
VE1-10001-01,5,0,5,36,48.57,32.0,0.0,32.0
VE1-10001-01,5,0,5,37,97.69333333333333,32.0,0.0,32.0
VE1-10001-01,5,0,5,76,95.0,32.0,0.0,32.0
