dossier_id_tp,tot_isos_tp,type_tp,pending_diainch_tp,tp_construct_progress__tp,tp_cat_tp,tp_unit_tp,dossier_ready_digital_tp,rfi01_visual_inspw14a_tp,pl10_send_before_test_tp,a_closedrelease_for_test_tp,rfi02__hydr_test_w13_tp,flushing__drying_ic01_tp,rfi03_reinst_w14b_tp,pl10_send_after_test_tp,test_pack_reinstalleda__b_closed_tp,test_packqaqcreleased_tp,status_tp,trac__insu_tp,1_tp,reistatement_tp,diaminch_tp,bom_tp,sum_m_tp,inst_tp,flan_tp,valv_tp,cap_tp,gask_tp,fbli_tp,tee_tp,redu_tp,elbo_tp,pcom_tp,bend_tp,unio_tp,vtwa_tp,filt_tp,trap_tp,rport_tp,s05_tp,s06_tp,s09_tp,s10_tp
1,4,HT,1.0,0.78,I,A10001,,,,,,,,,,,,CC,0.0,NOT,331.5,184,39.27,3,34,13,0,39,0,7,2,28,3,0,0,1,0,0,A10001_HT,0,0,0,0
2,3,HT,0.0,1.0,II,A10001,,,,,,,,,,,,CC,0.0,NOT,336.0,137,23.630000000000003,4,26,8,0,30,0,6,2,16,4,0,0,0,2,0,A10001_HT,0,0,0,0
3,10,HT,4.0,0.8130000000000001,Art. 4.3,A10001,,,,,,,,,,,,CC,0.0,NOT,576.75,394,40.69,9,74,26,0,81,2,17,9,42,4,0,2,1,2,0,A10001_HT,0,0,0,0
4,9,HT,15.0,0.8166666666666668,Art. 4.3,A10001,,,,,,,,,,,,CCTN,0.0,NOT,698.5,597,152.07,13,104,42,0,126,12,20,9,82,13,0,0,1,0,0,A10001_HT,0,0,0,0
5,9,HT,3.0,0.6099999999999999,I,A10001,,,,,,,,,,,,PP,0.0,NOT,348.0,365,48.84,5,68,23,0,72,1,20,10,47,3,0,2,1,2,0,A10001_HT,0,0,0,0
6,9,HT,0.0,0.9855555555555556,Art. 4.3,A10005,2025-07-11,,,,,,,,,,,CF,0.05,NOT,883.0,290,131.8,6,52,18,2,49,5,11,6,50,0,0,0,0,3,0,A10005_HT,0,0,0,0
7,14,HT,2.0,0.9635714285714287,Art. 4.3,A10001,2025-07-14,,,,,,,,,,,CF,0.05,NOT,1043.0,490,120.43,10,80,34,2,76,11,15,14,77,2,0,0,0,2,0,A10001_HT,0,0,0,0
8,8,HT,7.5,0.8787499999999999,Art. 4.3,A10001,,,,,,,,,,,,PP,0.0,NOT,503.0,531,99.86,9,96,34,0,99,4,30,16,64,4,0,2,0,2,0,A10001_HT,0,0,0,0
9,3,HT,1.5,0.9766666666666668,I,A10001,,,,,,,,,,,,CCTN,0.0,NOT,79.5,84,29.610000000000003,0,10,3,0,11,1,6,0,15,2,0,0,0,0,0,A10001_HT,0,0,0,0
10,9,HT,6.5,0.9388888888888888,Art. 4.3,A10001,,,,,,,,,,,,PP,0.0,NOT,454.0,469,70.39,10,84,28,0,89,2,20,12,59,5,0,2,0,2,0,A10001_HT,0,0,0,0
11,11,HT,12.0,0.7427272727272726,Art. 4.3,A10001,,,,,,,,,,,,PP,0.0,NOT,562.75,567,84.97000000000001,10,97,37,1,109,4,31,20,74,6,0,2,1,2,0,A10001_HT,0,0,0,0
12,9,HT,4.5,0.82,I,A10001,,,,,,,,,,,,CC,0.0,NOT,434.0,408,83.85000000000002,8,70,23,0,76,2,18,6,59,6,0,0,0,2,0,A10001_HT,0,0,0,0
13,1,HT,0.0,0.96,I,A10001,,,,,,,,,,,,PP,0.0,NOT,56.0,17,11.98,0,2,0,0,2,0,0,0,6,0,0,0,0,0,0,A10001_HT,0,0,0,0
14,2,HT,1.5,0.8300000000000001,II,A10001,,,,,,,,,,,,PP,0.0,NOT,31.5,32,5.16,0,5,0,0,7,0,1,0,4,3,0,0,0,0,0,A10001_HT,0,0,0,0
15,5,HT,1.0,0.804,II,A10001,,,,,,,,,,,,PP,0.0,NOT,823.0,440,198.28,0,109,2,0,59,17,15,2,32,0,0,0,0,0,0,A10001_HT,0,0,0,0
16,1,HT,0.0,1.0,II,A10001,2025-03-14,2025-03-28,2025-03-28,2025-03-28,2025-04-10,2025-04-10,2025-04-24,2025-04-24,2025-04-25,2025-05-30,OK,CC,1.0,YES,14.0,20,6.6000000000000005,1,3,0,0,3,0,1,0,4,0,0,0,0,0,0,A10001_HT,0,0,0,0
17,5,HT,3.0,0.8220000000000001,II,A10001,,,,,,,,,,,,CCTN,0.0,NOT,443.75,222,71.50999999999999,6,35,9,0,40,2,9,5,38,6,0,0,0,0,0,A10001_HT,0,0,0,0
18,5,HT,3.5,0.7859999999999999,II,A10001,,,,,,,,,,,,CCTN,0.0,NOT,543.5,227,64.73,5,38,9,0,41,2,9,3,39,6,0,0,0,0,0,A10001_HT,0,0,0,0
19,1,HT,0.0,1.0,Art. 4.3,A10001,2025-05-28,2025-06-04,2025-06-04,2025-06-04,2025-07-09,2025-07-09,,,,,,CC,0.45,NOT,33.0,49,18.530000000000005,1,7,3,0,9,1,1,0,10,0,0,0,0,0,0,A10001_HT,0,0,0,0
20,2,HT,0.0,0.955,III,A10001,2025-04-30,2025-05-06,2025-05-06,2025-05-06,2025-06-06,2025-06-06,2025-07-10,2025-07-10,2025-07-10,,,CC,0.9,YES,421.0,39,7.639999999999999,0,7,2,0,7,1,2,0,6,0,0,0,0,0,0,A10001_HT,0,0,0,0
22,1,HT,0.0,1.0,II,A10001,2025-03-20,2025-04-08,2025-04-08,2025-04-08,2025-04-10,2025-04-10,2025-04-29,2025-04-29,2025-04-29,2025-05-21,OK,CC,1.0,YES,211.0,65,18.53,2,12,3,0,11,0,3,1,12,0,0,0,0,0,0,A10001_HT,0,0,0,0
23,18,HT,35.0,0.6194444444444444,I,A10001,,,,,,,,,,,,PP,0.0,NOT,721.5,664,85.48,14,117,38,0,126,4,36,22,76,8,0,4,2,2,0,A10001_HT,0,0,0,0
24,1,HT,1.0,0.68,Art. 4.3,A10001,,,,,,,,,,,,CC,0.0,NOT,21.0,48,14.59,0,4,3,0,9,0,0,1,11,3,0,0,0,0,0,A10001_HT,0,0,0,0
25,1,HT,4.0,0.4,Art. 4.3,A10001,,,,,,,,,,,,PP,0.0,NOT,68.0,76,6.379999999999999,1,9,1,0,14,1,1,2,13,4,0,0,0,0,0,A10001_HT,0,0,0,0
26,11,HT,8.5,0.8309090909090909,I,A10001,,,,,,,,,,,,NC,0.0,NOT,649.75,496,127.07,5,99,35,1,104,4,19,9,60,7,0,0,0,2,0,A10001_HT,0,0,0,0
27,2,HT,4.0,0.975,I,A10001,,,,,,,,,,,,CCTN,0.0,NOT,84.0,65,17.22,0,8,3,0,10,1,0,0,12,2,0,0,0,0,0,A10001_HT,0,0,0,0
28,1,HT,4.0,0.4,I,A10001,,,,,,,,,,,,CCTN,0.0,NOT,17.0,40,12.26,0,5,0,0,4,0,0,1,12,0,0,0,0,0,0,A10001_HT,0,0,0,0
29,7,HT,0.0,1.0,Art. 4.3,A10001,2025-07-10,,,,,,,,,,,CC,0.05,NOT,246.5,349,91.90000000000002,2,55,25,2,63,6,13,2,57,6,0,0,0,0,0,A10001_HT,0,0,0,0
30,1,HT,1.0,0.96,Art. 4.3,A10001,,,,,,,,,,,,CC,0.0,NOT,25.75,84,9.309999999999995,4,16,3,1,16,0,4,5,9,1,0,0,0,0,0,A10001_HT,0,0,0,0
31,1,HT,0.0,0.7,I,A10001,,,,,,,,,,,,PP,0.0,NOT,18.0,15,2.95,0,2,0,0,2,0,0,1,4,0,0,0,0,0,0,A10001_HT,0,0,0,0
32,3,HT,2.0,0.7733333333333333,I,A10001,,,,,,,,,,,,PP,0.0,NOT,77.75,82,24.15,2,13,4,1,15,1,4,3,10,0,0,0,0,0,0,A10001_HT,0,0,0,0
33,1,HT,0.0,0.7,II,A10001,2025-07-04,,,,,,,,,,,CC,0.05,NOT,74.0,42,3.33,2,9,3,0,10,0,2,3,4,0,0,0,0,0,0,A10001_HT,0,0,0,0
34,18,HT,24.0,0.7833333333333333,I,A10001,,,,,,,,,,,,PP,0.0,NOT,1401.0,931,253.84,19,154,53,3,167,16,42,15,134,0,0,0,0,0,0,A10001_HT,0,0,0,0
35,3,HT,9.0,0.93,II,A10001,,,,,,,,,,,,NC,0.0,NOT,80.0,166,53.3,3,31,9,0,32,1,5,6,24,1,0,0,0,0,1,A10001_HT,0,0,0,0
36,3,HT,23.0,0.0,I,A10001,,,,,,,,,,,,NC,0.0,NOT,236.0,128,21.85,2,26,6,0,24,1,4,5,18,2,0,0,0,0,0,A10001_HT,0,0,0,0
37,5,HT,6.0,0.98,II,PR18_19,,,,,,,,,,,,NC,0.0,NOT,450.0,145,69.28999999999999,6,23,5,0,24,3,4,4,28,0,0,0,0,0,0,PR18_19_HT,0,0,0,0
38,13,HT,53.0,0.6292307692307693,I,A10001,,,,,,,,,,,,NC,0.0,NOT,476.5,448,118.27,3,58,21,0,69,5,12,4,93,13,0,0,0,0,0,A10001_HT,0,0,0,0
39,1,HT,1.0,0.6,I,A10001,,,,,,,,,,,,CCTN,0.0,NOT,68.5,26,7.939999999999999,0,3,2,0,5,0,1,2,5,0,0,0,0,0,0,A10001_HT,0,0,0,0
40,2,HT,6.0,0.5700000000000001,I,A10001,,,,,,,,,,,,CCTN,0.0,NOT,81.0,104,18.76,2,14,3,0,17,1,4,3,20,3,0,0,0,0,0,A10001_HT,0,0,0,0
41,3,HT,28.5,0.4133333333333333,I,A10001,,,,,,,,,,,,CC,0.0,NOT,206.0,176,32.46,8,29,8,0,33,3,9,9,22,0,0,0,0,0,0,A10001_HT,0,0,0,0
42,1,HT,1.5,0.58,I,A10001,,,,,,,,,,,,CCTN,0.0,NOT,6.75,80,20.91,1,12,3,0,13,1,4,5,12,2,0,0,0,0,0,A10001_HT,0,0,0,0
43,2,HT,4.0,0.45,I,A10001,,,,,,,,,,,,PP,0.0,NOT,60.75,63,10.039999999999996,0,6,0,0,6,0,3,2,16,1,0,0,0,0,0,A10001_HT,0,0,0,0
44,6,HT,0.0,1.0,Art. 4.3,A10001,,,,,,,,,,,,PP,0.0,NOT,337.75,359,80.18,6,66,22,1,69,2,20,10,46,2,0,0,0,2,0,A10001_HT,0,0,0,0
45,3,HT,1.0,0.8833333333333333,Art. 4.3,A10001,,,,,,,,,,,,PP,0.0,NOT,134.0,121,12.02,2,27,7,0,27,0,7,2,11,1,0,0,0,2,0,A10001_HT,0,0,0,0
46,3,HT,2.0,0.6933333333333334,Art. 4.3,A10001,,,,,,,,,,,,PP,0.0,NOT,111.75,91,10.1,0,15,3,0,12,0,5,0,19,2,0,0,1,0,0,A10001_HT,0,0,0,0
47,3,HT,0.0,1.0,Art. 4.3,A10001,,,,,,,,,,,,PP,0.0,NOT,62.0,74,7.21,0,17,3,0,14,0,5,0,8,2,0,0,1,0,0,A10001_HT,0,0,0,0
48,3,HT,0.0,1.0,Art. 4.3,PR18_19,,,,,,,,,,,,NC,0.0,NOT,68.5,99,80.22,3,16,5,0,19,2,4,3,15,2,0,0,0,0,0,PR18_19_HT,0,0,0,0
49,2,HT,3.0,0.6950000000000001,I,PR18_19,,,,,,,,,,,,CCTN,0.0,NOT,53.0,72,19.6,5,12,0,0,12,0,4,2,12,1,0,0,0,0,0,PR18_19_HT,0,0,0,0
50,4,HT,0.0,1.0,Art. 4.3,PR18_19,2025-07-07,,,,,,,,,,,CCTN,0.05,NOT,277.75,219,113.95,6,35,11,0,44,4,2,8,31,8,0,0,0,0,0,PR18_19_HT,0,0,0,0
51,8,HT,17.0,0.7037500000000001,I,A10001,,,,,,,,,,,,PP,0.0,NOT,197.0,336,84.73,0,38,18,0,60,0,0,2,68,24,0,0,0,0,0,A10001_HT,0,0,0,0
52,4,HT,0.0,1.0,Art. 4.3,A10001,2025-07-10,,,,,,,,,,,CC,0.05,NOT,248.0,238,28.23,7,57,15,0,59,0,4,8,18,11,0,0,0,0,0,A10001_HT,0,0,0,0
53,24,HT,0.0,1.0,I,A10001,2025-05-13,2025-05-22,2025-05-22,2025-05-22,2025-05-23,2025-05-23,,,,,,CC,0.45,NOT,390.0,214,3.480000000000001,25,58,17,0,73,1,0,8,7,0,0,0,0,0,0,A10001_HT,0,0,0,0
54,3,HT,0.0,1.0,I,A10001,2025-04-01,2025-04-15,2025-04-15,2025-04-15,2025-04-15,2025-04-15,,,,,,CC,0.45,NOT,88.5,50,2.94,5,8,2,0,10,0,0,3,8,0,0,0,0,0,0,A10001_HT,0,0,0,0
55,5,HT,0.0,1.0,II,A10001,2025-05-12,2025-05-15,2025-05-15,2025-05-15,2025-05-16,2025-05-16,,,,,,CC,0.45,NOT,207.25,39,1.7799999999999998,5,10,4,0,14,0,0,1,0,0,0,0,0,0,0,A10001_HT,0,0,0,0
56,2,HT,0.0,1.0,Art. 4.3,A10001,2025-04-10,2025-05-30,2025-05-30,2025-05-30,2025-05-05,2025-05-05,2025-07-04,2025-07-04,2025-07-04,,,CC,0.9,YES,23.0,16,0.45,2,4,1,0,5,0,0,2,0,0,0,0,0,0,0,A10001_HT,0,0,0,0
57,4,HT,0.0,1.0,Art. 4.3,A10001,2025-04-09,2025-05-30,2025-05-30,2025-05-30,2025-05-05,2025-05-05,,,,,,CF,0.45,NOT,88.75,32,1.21,3,9,3,0,11,0,0,1,0,1,0,0,0,0,0,A10001_HT,0,0,0,0
58,1,HT,0.0,0.97,I,A10001,,,,,,,,,,,,CC,0.0,NOT,2.0,64,22.71,1,12,3,0,11,0,3,2,11,0,0,0,0,0,0,A10001_HT,0,0,0,0
59,5,HT,0.0,1.0,Art. 4.3,A10001,2025-06-23,2025-07-09,2025-07-09,2025-07-09,2025-07-09,2025-07-09,2025-07-10,2025-07-10,2025-07-10,,,NC,0.9,YES,117.25,275,68.30000000000001,11,47,11,3,50,2,9,10,41,2,0,0,0,0,0,A10001_HT,0,0,0,0
60,13,HT,0.0,1.0,Art. 4.3,A10001,2025-07-07,,,,,,,,,,,NC,0.05,NOT,246.0,521,167.85000000000002,12,49,15,21,54,2,27,3,111,2,0,8,0,0,0,A10001_HT,0,0,0,0
61,5,HT,0.0,1.0,Art. 4.3,A10001,2025-07-02,2025-07-08,2025-07-08,2025-07-08,,,,,,,,NC,0.25,NOT,236.5,209,67.71000000000001,8,26,8,4,28,0,10,7,44,1,0,0,0,0,0,A10001_HT,0,0,0,0
62,9,HT,0.0,1.0,Art. 4.3,A10001,,,,,,,,,,,,NC,0.0,NOT,91.5,294,90.2,0,31,19,2,39,9,18,2,43,8,16,0,0,0,0,A10001_HT,0,0,0,0
63,6,HT,0.0,0.95,Art. 4.3,A10001,,,,,,,,,,,,NC,0.0,NOT,190.25,217,64.51,5,35,11,1,37,1,6,4,40,5,0,0,0,0,0,A10001_HT,0,0,0,0
64,2,HT,0.0,1.0,Art. 4.3,A10001,2025-06-11,2025-06-16,2025-06-16,2025-06-16,2025-06-17,2025-06-17,2025-06-18,2025-06-18,2025-06-18,2025-07-01,OK,NC,1.0,YES,56.0,100,63.13,2,19,3,2,16,0,1,2,18,2,0,0,0,0,0,A10001_HT,0,0,0,0
65,11,HT,0.0,0.9527272727272726,I,A10003,,,,,,,,,,,,CC,0.0,NOT,433.25,268,170.6,0,35,7,8,20,3,22,3,49,0,0,0,0,0,0,A10003_HT,0,0,0,0
66,3,HT,3.0,0.8866666666666667,Art. 4.3,PR18_19,,,,,,,,,,,,CCTN,0.0,NOT,86.5,58,66.77,1,4,2,0,5,0,1,0,20,1,0,0,0,0,0,PR18_19_HT,0,0,0,0
67,5,HT,7.0,0.876,Art. 4.3,PR18_19,,,,,,,,,,,,CC,0.0,NOT,148.0,159,93.66,3,26,12,0,30,1,4,2,26,0,0,0,0,0,0,PR18_19_HT,0,0,0,0
68,2,HT,6.0,0.775,Art. 4.3,PR18_19,,,,,,,,,,,,NC,0.0,NOT,81.0,32,42.14,0,3,0,0,1,0,0,0,13,0,0,0,0,0,0,PR18_19_HT,0,0,0,0
69,2,HT,0.0,1.0,Art. 4.3,PR18_19,,,,,,,,,,,,CC,0.0,NOT,54.0,26,35.24000000000001,0,2,2,0,4,0,0,0,7,1,0,0,0,0,0,PR18_19_HT,0,0,0,0
70,2,HT,0.0,1.0,Art. 4.3,PR18_19,,,,,,,,,,,,CC,0.0,NOT,59.5,29,35.09,0,4,2,0,5,0,0,1,6,1,0,0,0,0,0,PR18_19_HT,0,0,0,0
71,4,HT,8.0,0.7825,I,PR18_19,,,,,,,,,,,,NC,0.0,NOT,100.5,135,79.51000000000002,1,19,8,1,21,1,2,1,30,2,0,0,0,0,0,PR18_19_HT,0,0,0,0
72,2,HT,0.0,0.84,Art. 4.3,PR18_19,2025-07-02,,,,,,,,,,,NC,0.05,NOT,114.0,21,28.59,1,2,0,0,2,0,1,0,5,0,0,0,0,0,0,PR18_19_HT,0,0,0,0
73,4,HT,0.0,1.0,Art. 4.3,PR18_19,2025-07-04,,,,,,,,,,,NC,0.05,NOT,103.5,49,65.73,0,4,3,2,6,0,2,0,10,1,0,0,0,0,0,PR18_19_HT,0,0,0,0
74,4,HT,0.0,1.0,I,PR18_19,2025-04-09,2025-05-08,2025-05-08,2025-05-08,2025-05-13,2025-05-13,,,,,,CC,0.45,NOT,279.5,113,53.18000000000001,1,20,10,0,23,2,2,4,11,2,0,0,0,0,0,PR18_19_HT,0,0,0,0
75,6,HT,0.0,1.0,II,PR18_19,,,,,,,,,,,,PP,0.0,NOT,419.0,368,158.23000000000002,7,54,19,0,68,3,3,7,61,16,0,0,0,0,0,PR18_19_HT,0,0,0,0
76,3,HT,0.0,0.98,II,PR18_19,,,,,,,,,,,,NC,0.0,NOT,200.0,182,20.730000000000004,8,35,12,0,41,4,10,5,16,2,0,0,0,0,0,PR18_19_HT,0,0,0,0
77,8,HT,1.0,0.8137500000000001,I,A10003,,,,,,,,,,,,PP,0.0,NOT,493.25,368,40.22,7,65,23,0,68,0,21,13,49,2,0,2,0,2,0,A10003_HT,0,0,0,0
78,2,HT,0.0,1.0,I,A10003,2025-07-07,,,,,,,,,,,NC,0.05,NOT,117.75,60,9.42,1,12,5,0,14,0,2,0,7,2,0,0,0,0,0,A10003_HT,0,0,0,0
79,2,HT,0.0,0.935,Art. 4.3,A10004,,,,,,,,,,,,NC,0.0,NOT,110.0,40,72.80999999999999,0,5,2,0,6,0,1,0,10,1,0,0,0,0,0,A10004_HT,0,0,0,0
80,1,HT,2.0,0.99,II,A10003,,,,,,,,,,,,PP,0.0,NOT,24.0,137,38.09000000000001,0,37,0,0,15,7,6,0,5,0,0,0,0,0,0,A10003_HT,0,0,0,0
81,2,HT,0.0,1.0,II,A10003,2025-03-13,2025-05-26,2025-05-26,2025-05-26,2025-05-27,2025-05-27,2025-05-29,2025-05-29,2025-05-29,2025-06-19,OK,CC,1.0,YES,384.5,42,4.2700000000000005,3,9,1,0,10,0,2,4,4,0,0,0,0,0,0,A10003_HT,0,0,0,0
82,3,HT,0.0,1.0,I,A10003,,,,,,,,,,,,PP,0.0,NOT,137.25,64,18.22,1,11,5,1,14,0,2,0,7,1,0,0,0,0,0,A10003_HT,0,0,0,0
83,2,HT,0.0,1.0,Art. 4.3,A10004,2025-04-28,2025-05-21,2025-05-21,2025-05-21,2025-05-22,2025-05-22,2025-06-26,2025-06-26,2025-06-26,2025-07-04,OK,NC,1.0,YES,122.0,70,8.020000000000001,3,13,4,0,14,0,3,3,8,1,0,0,0,0,0,A10004_HT,0,0,0,0
84,8,HT,1.5,0.845,I,A10003,,,,,,,,,,,,CC,0.0,NOT,657.25,378,82.48,8,68,22,0,71,2,13,10,57,2,0,0,0,2,0,A10003_HT,0,0,0,0
85,1,HT,0.0,1.0,I,A10003,2025-03-27,2025-04-09,2025-04-09,2025-04-09,2025-04-25,2025-04-25,2025-05-08,2025-05-08,2025-05-08,2025-05-12,OK,CC,1.0,YES,49.25,25,11.97,0,2,1,0,4,0,0,0,8,1,0,0,0,0,0,A10003_HT,0,0,0,0
86,5,HT,1.75,0.952,Art. 4.3,A10004,,,,,,,,,,,,CCTN,0.0,NOT,316.25,232,83.15,7,39,14,2,43,4,8,7,33,0,0,0,0,0,0,A10004_HT,0,0,0,0
87,1,HT,0.0,1.0,I,A10003,2025-03-28,2025-04-11,2025-04-11,2025-04-11,2025-04-15,2025-04-15,2025-05-29,2025-05-29,2025-05-29,2025-07-04,OK,NC,1.0,YES,15.5,11,2.73,1,2,0,0,2,0,0,1,2,0,0,0,0,0,0,A10003_HT,0,0,0,0
88,7,HT,0.0,0.8928571428571429,I,A10003,,,,,,,,,,,,CC,0.0,NOT,468.0,293,53.690000000000005,4,50,18,0,50,1,15,7,46,2,0,2,0,0,0,A10003_HT,0,0,0,0
89,1,HT,0.0,1.0,I,A10003,2025-03-27,2025-04-11,2025-04-11,2025-04-11,2025-04-15,2025-04-15,2025-04-22,2025-04-22,2025-04-22,,,CC,0.9,YES,10.0,25,3.86,0,6,0,1,4,0,0,0,5,0,0,0,0,0,0,A10003_HT,0,0,0,0
90,1,HT,0.0,1.0,Art. 4.3,A10003,2025-04-03,2025-05-08,2025-05-08,2025-05-08,2025-05-09,2025-05-09,2025-05-12,2025-05-12,2025-05-12,2025-05-15,OK,PP,1.0,YES,26.0,50,12.79,0,9,2,1,8,0,0,0,10,0,0,0,0,0,0,A10003_HT,0,0,0,0
91,7,HT,0.0,0.9042857142857142,II,A10003,,,,,,,,,,,,CC,0.0,NOT,773.25,392,62.02000000000001,9,74,27,2,81,3,18,6,45,2,0,0,0,2,0,A10003_HT,0,0,0,0
92,2,HT,0.0,1.0,Art. 4.3,A10003,2025-03-14,2025-04-14,2025-04-14,2025-04-14,2025-04-25,2025-04-25,2025-04-25,2025-04-25,2025-05-09,2025-05-09,OK,CC,1.0,YES,93.0,71,20.37,1,12,4,0,14,1,3,0,12,2,0,0,0,0,0,A10003_HT,0,0,0,0
93,2,HT,0.0,1.0,II,A10003,2025-04-07,2025-04-25,2025-04-25,2025-04-25,2025-04-28,2025-04-28,2025-05-14,2025-05-14,2025-05-14,2025-05-15,OK,CC,1.0,YES,235.0,80,6.92,2,17,5,0,19,0,3,2,7,0,0,0,0,2,0,A10003_HT,0,0,0,0
94,1,HT,0.0,1.0,II,A10003,2025-03-28,2025-04-03,2025-04-03,2025-04-03,2025-04-10,2025-04-10,2025-04-22,2025-04-22,2025-04-22,,,CC,0.9,YES,133.0,18,7.26,0,4,0,1,3,0,0,0,3,0,0,0,0,0,0,A10003_HT,0,0,0,0
95,2,HT,0.0,1.0,II,A10003,2025-04-11,2025-05-06,2025-05-06,2025-05-06,2025-06-05,2025-06-05,2025-06-09,2025-06-09,2025-06-09,2025-06-13,OK,CC,1.0,YES,130.5,42,5.81,3,9,1,0,10,0,2,4,4,0,0,0,0,0,0,A10003_HT,0,0,0,0
96,5,HT,0.0,0.8939999999999999,Art. 4.3,A10003,,,,,,,,,,,,PP,0.0,NOT,362.0,183,48.35,3,31,13,0,36,3,8,3,27,0,0,0,0,0,0,A10003_HT,0,0,0,0
97,3,HT,0.0,0.8933333333333334,Art. 4.3,A10003,,,,,,,,,,,,PP,0.0,NOT,314.25,130,44.220000000000006,2,20,6,1,20,1,6,0,26,0,0,0,0,0,0,A10003_HT,0,0,0,0
98,1,HT,0.0,0.7,Art. 4.3,A10003,,,,,,,,,,,,PP,0.0,NOT,30.75,31,9.57,0,3,3,0,6,1,1,0,6,0,0,0,0,0,0,A10003_HT,0,0,0,0
99,2,HT,0.0,1.0,Art. 4.3,A10003,,,,,,,,,,,,PP,0.0,NOT,56.0,98,21.72,2,16,5,1,17,0,4,3,15,2,0,1,0,0,0,A10003_HT,0,0,0,0
100,1,HT,0.0,0.84,I,A10003,,,,,,,,,,,,NC,0.0,NOT,28.75,81,20.920000000000005,2,13,6,1,16,1,3,3,11,0,0,0,0,0,0,A10003_HT,0,0,0,0
101,10,HT,19.0,0.8019999999999999,I,A10003,,,,,,,,,,,,CC,0.0,NOT,381.25,420,158.77999999999997,0,67,18,0,56,1,10,1,104,0,0,1,0,0,0,A10003_HT,0,0,0,0
102,11,HT,1.75,0.7118181818181818,I,A10003,,,,,,,,,,,,PP,0.0,NOT,378.75,673,95.93000000000004,16,120,42,1,129,7,37,28,76,2,0,2,0,2,0,A10003_HT,0,0,0,0
103,6,HT,1.5,0.8933333333333334,I,A10003,,,,,,,,,,,,CC,0.0,NOT,487.75,460,73.48000000000002,9,81,32,1,93,5,28,17,49,3,0,0,0,2,0,A10003_HT,0,0,0,0
104,1,HT,0.0,1.0,Art. 4.3,A10003,2025-05-12,2025-05-13,2025-05-13,2025-05-13,2025-05-14,2025-05-14,,,,,,CC,0.45,NOT,36.5,27,18.12,0,2,2,0,5,0,0,0,8,1,0,0,0,0,0,A10003_HT,0,0,0,0
105,1,HT,0.0,1.0,I,A10003,2025-03-13,2025-04-16,2025-04-16,2025-04-16,2025-04-25,2025-04-25,,,,,,CC,0.45,NOT,27.0,22,10.62,1,2,0,0,2,0,0,1,7,0,0,0,0,0,0,A10003_HT,0,0,0,0
106,2,HT,0.0,0.9,I,A10003,,,,,,,,,,,,PP,0.0,NOT,58.0,55,11.47,1,9,4,1,11,0,3,0,6,1,0,0,0,0,0,A10003_HT,0,0,0,0
107,1,HT,4.0,0.93,Art. 4.3,A10003,,,,,,,,,,,,CCTN,0.0,NOT,0.0,0,0.0,0,0,0,0,0,0,0,0,0,0,0,0,0,0,0,A10003_HT,0,0,0,0
108,1,HT,2.5,0.94,Art. 4.3,A10003,,,,,,,,,,,,CCTN,0.0,NOT,22.5,24,2.6500000000000004,0,4,2,0,5,1,1,1,3,0,0,0,0,0,0,A10003_HT,0,0,0,0
109,4,HT,0.0,1.0,I,PR18_19,2025-07-04,,,,,,,,,,,CC,0.05,NOT,122.0,146,128.27,4,25,9,0,29,4,9,4,17,1,0,0,0,0,0,PR18_19_HT,0,0,0,0
110,3,HT,0.0,1.0,I,A10004,2025-07-01,,,,,,,,,,,PP,0.05,NOT,97.75,24,20.96,0,1,0,1,1,0,1,0,8,0,0,0,0,0,0,A10004_HT,0,0,0,0
111,5,HT,0.0,1.0,I,A10003,2025-04-11,2025-04-21,2025-04-21,2025-04-21,2025-04-21,2025-04-21,2025-04-21,2025-04-21,2025-04-22,,,CC,0.9,YES,,40,3.03,3,10,2,0,12,2,0,3,1,0,0,0,0,0,0,A10003_HT,0,0,0,0
112,1,HT,0.0,1.0,II,A10003,2025-03-27,2025-04-03,2025-04-03,2025-04-03,2025-04-10,2025-04-10,2025-04-22,2025-04-22,2025-04-22,2025-05-05,OK,CC,1.0,YES,4.0,6,0.36,1,2,0,0,2,0,0,0,0,0,0,0,0,0,0,A10003_HT,0,0,0,0
113,4,HT,0.0,1.0,Art. 4.3,A10003,2025-06-23,2025-07-03,2025-07-03,2025-07-03,2025-07-07,2025-07-07,2025-07-07,2025-07-07,2025-07-07,,,NC,0.9,YES,33.0,170,70.68,0,19,11,3,23,5,11,2,22,4,8,0,0,0,0,A10003_HT,0,0,0,0
114,1,HT,0.0,0.0,Art. 4.3,A10003,2025-06-16,2025-06-20,2025-06-20,2025-06-20,2025-07-02,2025-07-02,2025-07-03,2025-07-03,2025-07-03,,,NC,0.9,YES,79.0,79,23.180000000000003,3,16,4,0,15,0,3,0,12,1,0,0,0,0,0,A10003_HT,0,0,0,0
115,1,HT,0.0,1.0,Art. 4.3,A10003,2025-06-27,,,,,,,,,,,NC,0.05,NOT,9.5,28,9.659999999999998,1,6,2,0,7,0,0,0,4,1,0,0,0,0,0,A10003_HT,0,0,0,0
116,2,HT,0.0,1.0,Art. 4.3,A10003,2025-06-09,2025-06-16,2025-06-16,2025-06-16,2025-06-27,2025-06-27,2025-06-27,2025-06-27,2025-06-27,2025-07-07,OK,NC,1.0,YES,61.75,64,25.78000000000001,2,11,3,1,12,0,1,1,10,2,0,0,0,0,0,A10003_HT,0,0,0,0
117,2,HT,0.0,0.85,I,A10003,,,,,,,,,,,,CC,0.0,NOT,46.0,142,12.549999999999995,4,22,11,3,32,5,5,2,12,2,0,0,0,0,0,A10003_HT,0,0,0,0
118,4,HT,0.0,1.0,II,A10004,2025-05-15,,,,,,,,,,,CC,0.05,NOT,74.0,206,35.84,7,34,8,1,40,3,5,7,30,7,0,0,0,0,0,A10004_HT,0,0,0,0
119,7,HT,0.0,1.0,Art. 4.3,A10004,2025-05-20,,,,,,,,,,,CCTN,0.05,NOT,768.5,301,47.72,9,58,20,0,65,1,7,5,39,6,0,0,0,1,0,A10004_HT,0,0,0,0
120,7,HT,0.0,1.0,Art. 4.3,A10004,2025-05-16,2025-06-09,2025-06-09,2025-06-09,2025-06-16,2025-06-16,2025-06-17,2025-06-17,2025-06-17,2025-07-02,OK,NC,1.0,YES,311.0,270,50.77,6,46,14,1,48,1,8,3,45,3,0,0,0,2,0,A10004_HT,0,0,0,0
121,4,HT,0.0,1.0,I,A10004,2025-07-08,,,,,,,,,,,PP,0.05,NOT,109.25,130,34.879999999999995,2,19,7,2,21,0,5,0,23,2,0,0,0,0,0,A10004_HT,0,0,0,0
122,4,HT,0.0,1.0,I,A10004,2025-05-12,2025-05-15,2025-05-15,2025-05-15,,,,,,,,CCTN,0.25,NOT,89.0,108,33.75,4,18,6,1,21,1,2,0,20,0,0,0,0,0,0,A10004_HT,0,0,0,0
123,3,HT,0.0,1.0,I,A10004,2025-07-09,,,,,,,,,,,CC,0.05,NOT,111.5,215,45.580000000000005,1,37,7,1,36,3,10,2,35,6,0,0,0,1,1,A10004_HT,0,0,0,0
124,2,HT,0.0,1.0,Art. 4.3,A10004,2025-06-27,,,,,,,,,,,PP,0.05,NOT,180.75,52,97.32999999999998,1,7,3,1,9,1,3,0,9,1,0,0,0,0,0,A10004_HT,0,0,0,0
125,3,HT,0.0,1.0,Art. 4.3,A10004,2025-07-04,2025-07-08,2025-07-08,2025-07-08,,,,,,,,NC,0.25,NOT,94.75,58,6.15,0,9,4,0,11,0,1,1,7,5,0,0,0,0,0,A10004_HT,0,0,0,0
126,2,HT,0.0,0.0,Art. 4.3,A10004,2025-03-22,2025-03-28,2025-03-28,2025-03-28,2025-03-28,2025-03-28,2025-05-12,2025-05-12,2025-05-12,2025-05-29,OK,NC,1.0,YES,43.5,26,1.03,0,4,2,0,6,0,0,2,4,2,0,0,0,0,0,A10004_HT,0,0,0,0
127,1,HT,0.0,0.0,Art. 4.3,A10004,2025-06-16,2025-06-20,2025-06-20,2025-06-20,2025-07-03,2025-07-03,2025-07-04,2025-07-04,2025-07-04,,,NC,0.9,YES,8.0,86,18.42,2,16,6,1,17,1,4,3,10,1,0,0,0,0,0,A10004_HT,0,0,0,0
128,1,HT,0.0,0.0,Art. 4.3,A10004,2025-06-16,2025-06-20,2025-06-20,2025-06-20,2025-06-23,2025-06-23,2025-06-24,2025-06-24,2025-06-24,,,NC,0.9,YES,258.0,50,19.1,2,7,1,1,6,0,1,0,13,0,0,0,0,0,0,A10004_HT,0,0,0,0
129,2,HT,0.0,0.5,Art. 4.3,A10004,2025-06-11,2025-06-26,2025-06-26,2025-06-26,2025-06-27,2025-06-27,2025-06-27,2025-06-27,2025-06-27,2025-07-02,OK,NC,1.0,YES,80.0,81,11.65,4,16,4,1,13,0,4,6,6,0,0,0,0,0,0,A10004_HT,0,0,0,0
130,6,HT,0.0,1.0,Art. 4.3,A10004,2025-03-06,2025-03-14,2025-03-14,2025-03-14,2025-03-13,2025-03-13,2025-04-02,2025-04-02,2025-04-02,2025-06-17,OK,CC,1.0,YES,594.5,48,1.05,4,12,6,0,18,2,0,0,0,0,0,0,0,0,0,A10004_HT,0,0,0,0
131,4,HT,0.0,1.0,I,A2001,2025-05-06,2025-05-06,2025-05-06,2025-05-06,2025-05-06,2025-05-06,2025-05-07,2025-05-07,2025-05-07,2025-05-27,OK,CCTN,1.0,YES,32.0,214,225.2,4,32,11,1,37,2,8,9,36,5,0,0,0,0,0,A2001_HT,0,0,0,0
132,3,HT,0.0,1.0,Art. 4.3,A1200,2025-04-28,2025-05-13,2025-05-13,2025-05-13,2025-05-20,2025-05-20,2025-05-21,2025-05-21,2025-05-21,2025-05-27,OK,CCTN,1.0,YES,137.75,49,84.4,0,2,1,0,3,1,0,1,19,0,0,0,0,0,0,A1200_HT,0,0,0,0
133,8,HT,0.0,0.99125,I,A8003,2025-05-14,2025-05-29,2025-05-29,2025-05-29,2025-05-30,2025-05-30,2025-06-02,2025-06-03,2025-06-04,2025-06-09,OK,PP,1.0,YES,312.25,158,275.96,0,13,6,3,17,2,9,3,40,2,0,0,0,0,0,A8003_HT,0,0,0,0
134,1,HT,2.0,1.0,I,A2001,2025-04-10,2025-05-13,2025-05-13,2025-05-13,2025-05-30,2025-05-30,2025-06-02,2025-06-03,2025-06-04,2025-06-09,OK,NC,1.0,YES,13.0,0,0.0,0,0,0,0,0,0,0,0,0,0,0,0,0,0,0,A2001_HT,0,0,0,0
135,3,HT,0.0,1.0,II,A2001,2025-04-15,2025-04-21,2025-04-21,2025-04-21,2025-04-22,2025-04-22,2025-04-24,2025-04-24,2025-04-25,2025-05-27,OK,NC,1.0,YES,85.0,83,25.57,0,19,4,0,18,3,7,1,6,1,0,0,0,0,0,A2001_HT,0,0,0,0
136,1,HT,0.0,1.0,Art. 4.3,A2001,2025-04-11,2025-04-21,2025-04-21,2025-04-21,2025-04-23,2025-04-23,2025-05-29,2025-05-29,2025-05-29,2025-05-23,OK,NC,1.0,YES,35.0,25,2.0,1,5,3,0,8,0,1,0,1,0,0,0,0,1,0,A2001_HT,0,0,0,0
137,2,HT,0.0,1.0,I,A2001,2025-04-21,2025-04-25,2025-04-25,2025-04-25,2025-04-25,2025-04-25,2025-04-25,2025-04-25,2025-04-25,2025-05-23,OK,NC,1.0,YES,42.0,27,6.39,1,5,0,0,4,0,2,1,5,0,0,0,0,0,0,A2001_HT,0,0,0,0
138,1,HT,0.0,1.0,Art. 4.3,A6001,2025-05-19,2025-05-20,2025-05-20,2025-05-20,2025-05-22,2025-05-22,2025-05-23,2025-05-23,2025-05-23,2025-06-24,OK,NC,1.0,YES,14.0,35,11.89,2,4,1,1,5,0,1,1,8,0,0,0,0,0,0,A6001_HT,0,0,0,0
139,4,HT,0.0,1.0,I,A6001,2025-06-25,,,,,,,,,,,CCTN,0.05,NOT,68.0,212,86.88999999999999,4,35,17,0,40,2,7,7,32,0,0,0,0,0,0,A6001_HT,0,0,0,0
140,3,HT,0.0,1.0,Art. 4.3,A6001,2025-04-14,2025-05-09,2025-05-09,2025-05-09,2025-05-09,2025-05-09,2025-05-12,2025-05-12,2025-05-12,2025-05-15,OK,CCTN,1.0,YES,337.0,139,13.87,2,27,7,0,27,0,7,2,18,1,0,0,0,2,0,A6001_HT,0,0,0,0
141,3,HT,0.0,1.0,I,A6001,2025-06-17,2025-06-25,2025-06-25,2025-07-02,2025-07-02,2025-07-02,2025-07-02,2025-07-02,2025-07-02,,,CCTN,0.9,YES,176.0,76,11.45,0,11,3,0,12,1,0,1,15,2,0,0,0,0,0,A6001_HT,0,0,0,0
142,1,HT,0.0,1.0,I,A6001,2025-05-21,2025-05-23,2025-05-23,2025-05-23,2025-05-26,2025-05-26,,,,,,PP,0.45,NOT,32.0,33,14.04,1,4,1,1,4,0,0,0,8,0,0,0,0,0,0,A6001_HT,0,0,0,0
143,1,HT,0.0,1.0,I,A6001,2025-04-03,2025-04-25,2025-04-25,2025-04-25,2025-04-28,2025-04-28,2025-04-29,2025-04-29,2025-04-29,2025-07-04,OK,CC,1.0,YES,68.0,10,3.65,0,2,0,0,2,0,0,0,3,0,0,0,0,0,0,A6001_HT,0,0,0,0
144,1,HT,0.0,1.0,I,A6001,2025-05-16,2025-05-21,2025-05-21,2025-05-21,2025-05-23,2025-05-23,2025-05-26,2025-05-26,2025-05-26,2025-07-04,OK,CC,1.0,YES,8.0,13,3.87,0,3,0,0,2,0,0,0,4,0,0,0,0,0,0,A6001_HT,0,0,0,0
145,1,HT,0.0,1.0,I,A8001,2025-04-15,2025-05-06,2025-05-06,2025-05-06,2025-05-06,2025-05-06,2025-05-07,2025-05-07,2025-05-07,2025-05-15,OK,CCTN,1.0,YES,37.5,51,4.64,3,11,3,0,12,0,1,3,6,0,0,0,0,0,0,A8001_HT,0,0,0,0
146,5,HT,0.0,1.0,I,A8003,2025-05-15,2025-05-19,2025-05-19,2025-05-19,2025-05-23,2025-05-23,,,,,,CC,0.45,NOT,173.0,111,201.65,0,10,5,1,11,1,4,3,32,0,0,0,0,0,0,A8003_HT,0,0,0,0
147,2,HT,0.0,1.0,I,A8004,2025-04-15,2025-05-06,2025-05-06,2025-05-06,2025-05-07,2025-05-07,2025-05-05,2025-05-05,2025-05-09,2025-05-09,OK,CCTN,1.0,YES,43.0,78,9.6,3,14,5,0,16,1,2,2,13,0,0,0,0,0,0,A8004_HT,0,0,0,0
148,2,HT,0.0,1.0,I,A6001,2025-04-26,2025-05-07,2025-05-07,2025-05-07,2025-05-07,2025-05-07,2025-05-05,2025-05-05,2025-05-09,2025-05-09,OK,CCTN,1.0,YES,60.5,25,0.3,2,6,2,0,8,0,0,0,4,0,0,0,0,0,0,A6001_HT,0,0,0,0
149,1,HT,0.0,1.0,Art. 4.3,A10005,,,,,,,,,,,,CCTN,0.0,NOT,12.0,52,21.7,1,11,3,0,11,1,2,1,5,0,0,0,0,1,0,A10005_HT,0,0,0,0
150,2,HT,1.0,0.995,Art. 4.3,A10005,,,,,,,,,,,,CCTN,0.0,NOT,156.0,237,22.850000000000016,7,40,15,2,46,1,7,15,25,4,0,2,0,0,0,A10005_HT,0,0,0,0
151,1,HT,0.0,0.92,Art. 4.3,A10005,,,,,,,,,,,,CCTN,0.0,NOT,317.0,43,24.53,1,7,2,0,8,0,0,0,9,1,0,0,0,0,0,A10005_HT,0,0,0,0
152,2,HT,1.5,0.965,Art. 4.3,A10005,,,,,,,,,,,,CC,0.0,NOT,147.0,36,40.06,0,4,2,0,5,0,1,0,10,1,0,0,0,0,0,A10005_HT,0,0,0,0
153,4,HT,0.0,1.0,Art. 4.3,A10005,2025-07-09,,,,,,,,,,,PP,0.05,NOT,83.5,105,40.32000000000001,3,16,6,1,18,0,2,0,21,1,0,0,0,0,0,A10005_HT,0,0,0,0
154,7,HT,0.0,1.0,Art. 4.3,A10005,2025-03-07,2025-03-14,2025-03-14,2025-03-14,2025-03-13,2025-03-13,2025-04-02,2025-04-02,2025-04-02,2025-05-23,OK,CC,1.0,YES,70.5,64,0.9,6,18,7,0,23,1,0,0,0,0,0,0,0,0,0,A10005_HT,0,0,0,0
155,11,HT,4.0,0.9418181818181818,Art. 4.3,A10005,,,,,,,,,,,,PP,0.0,NOT,255.0,362,159.7,0,67,11,1,58,8,27,0,52,6,0,0,4,0,0,A10005_HT,0,0,0,0
156,11,HT,1.5,0.7118181818181818,I,A10005,,,,,,,,,,,,PP,0.0,NOT,442.75,275,100.94,0,35,11,1,35,2,20,2,56,5,0,0,0,0,1,A10005_HT,0,0,0,0
157,3,HT,3.0,0.92,I,A10005,,,,,,,,,,,,NC,0.0,NOT,370.25,71,77.28999999999999,1,9,2,1,7,3,8,0,11,0,0,0,0,0,0,A10005_HT,0,0,0,0
158,1,HT,0.0,1.0,Art. 4.3,A10005,,,,,,,,,,,,PP,0.0,NOT,203.75,62,6.170000000000002,0,9,4,0,12,0,1,1,7,5,0,0,0,0,0,A10005_HT,0,0,0,0
159,8,HT,42.75,0.86625,I,PR18_19,,,,,,,,,,,,CC,0.0,NOT,470.0,675,238.58999999999995,13,98,49,8,140,23,32,12,74,11,0,0,0,0,0,PR18_19_HT,0,0,0,0
160,6,HT,0.0,1.0,I,A10004,2025-07-03,,,,,,,,,,,PP,0.05,NOT,490.5,184,136.62,4,30,12,1,36,4,6,6,23,0,0,0,0,0,0,A10004_HT,0,0,0,0
161,8,HT,0.0,1.0,Art. 4.3,A10004,2025-06-18,2025-06-19,2025-06-19,2025-06-19,2025-06-23,2025-06-23,2025-06-23,2025-06-23,2025-06-23,,,NC,0.9,YES,393.0,361,271.23999999999995,5,41,20,7,53,12,15,7,49,4,6,0,0,0,0,A10004_HT,0,0,0,0
162,5,HT,0.0,0.8,Art. 4.3,PR18_19,2025-06-12,2025-06-19,2025-06-19,2025-06-19,2025-06-25,2025-06-25,2025-06-26,2025-06-26,2025-06-26,2025-07-11,OK,NC,1.0,YES,287.0,220,172.6299999999999,7,31,7,4,27,4,12,8,31,1,0,0,0,0,0,PR18_19_HT,0,0,0,0
1001,8,FR,6.25,0.8499999999999999,Art. 4.3,A10001,,,,,,,,,,,,CCTN,0.0,NOT,448.25,492,115.75000000000004,9,80,33,0,90,2,26,17,72,4,0,2,0,2,0,A10001_FR,0,0,0,0
1002,9,FR,3.0,0.9811111111111112,Art. 4.3,A10001,,,,,,,,,,,,CC,0.0,NOT,509.5,374,60.77,12,70,23,0,78,2,14,9,44,4,0,0,0,2,0,A10001_FR,0,0,0,0
1003,1,FR,0.0,0.94,II,A10001,,,,,,,,,,,,CC,0.0,NOT,6.0,66,15.46,2,10,0,1,11,0,3,3,12,3,0,0,0,0,0,A10001_FR,0,0,0,0
1004,2,FR,9.0,0.605,Art. 4.3,A10001,,,,,,,,,,,,CC,0.0,NOT,29.0,94,17.17,2,15,7,0,22,0,1,0,12,5,0,0,0,0,0,A10001_FR,0,0,0,0
1005,35,FR,0.0,0.9857142857142858,Art. 4.3,A10001,2025-06-12,2025-07-01,2025-07-01,2025-07-01,2025-07-08,2025-07-08,2025-07-08,2025-07-08,2025-07-08,,,CCTN,0.9,YES,851.25,891,287.1,7,143,69,7,160,8,58,5,136,0,0,0,0,2,0,A10001_FR,0,0,0,0
1006,4,FR,0.0,1.0,Art. 4.3,A10001,2025-06-09,2025-06-12,2025-06-12,2025-06-12,2025-06-07,2025-06-07,2025-07-07,2025-07-07,2025-07-07,,,CCTN,0.9,YES,113.0,217,64.29,2,34,15,2,37,2,11,1,37,1,0,0,0,1,0,A10001_FR,0,0,0,0
1007,17,FR,0.0,0.8823529411764706,Art. 4.3,A10001,,,,,,,,,,,,CCTN,0.0,NOT,308.5,366,149.12,0,54,10,0,40,10,19,9,76,0,0,0,0,0,0,A10001_FR,0,0,0,0
1008,9,FR,0.0,1.0,Art. 4.3,A10001,2025-06-03,2025-06-10,2025-06-10,2025-06-10,2025-06-10,2025-06-10,,,,,,CCTN,0.45,NOT,291.0,306,88.45,1,31,20,3,41,9,20,2,43,8,16,0,0,0,0,A10001_FR,0,0,0,0
1009,1,FR,0.0,1.0,Art. 4.3,A10001,2025-05-30,2025-06-04,2025-06-04,2025-06-04,2025-06-05,2025-06-05,2025-06-05,2025-06-05,2025-06-05,2025-06-13,OK,CCTN,1.0,YES,27.75,41,11.33,0,6,4,0,8,1,1,0,8,0,0,0,0,0,0,A10001_FR,0,0,0,0
1010,13,FR,0.0,1.0,Art. 4.3,A10001,2025-06-16,2025-06-24,2025-06-24,2025-06-24,2025-07-01,2025-07-01,2025-07-02,2025-07-02,2025-07-02,2025-07-11,OK,NC,1.0,YES,266.25,609,148.31999999999996,3,78,33,9,88,14,38,10,87,10,14,0,0,0,3,A10001_FR,0,0,0,0
1011,16,FR,0.0,1.0,Art. 4.3,A10001,2025-06-04,2025-06-12,2025-06-12,2025-06-12,2025-06-12,2025-06-12,2025-06-13,2025-06-13,2025-06-13,2025-06-25,OK,NC,1.0,YES,1030.5,457,196.41,1,39,25,7,56,3,19,18,100,1,0,2,0,0,1,A10001_FR,0,0,0,0
1012,26,FR,0.0,1.0,Art. 4.3,A10001,2025-06-12,2025-06-25,2025-06-25,2025-06-25,2025-07-01,2025-07-01,2025-07-03,2025-07-03,2025-07-02,2025-07-11,OK,PP,1.0,YES,1171.25,1034,236.29,8,150,66,12,144,22,54,33,147,8,0,0,0,0,0,A10001_FR,0,0,0,0
1013,42,FR,0.0,1.0,Art. 4.3,A10001,2025-06-27,2025-07-04,2025-07-04,2025-07-04,2025-07-04,2025-07-04,2025-07-04,2025-07-04,2025-07-04,2025-07-11,OK,PP,1.0,YES,4112.75,1400,297.03000000000003,0,153,78,53,164,19,119,62,169,26,0,20,0,0,0,A10001_FR,0,0,0,0
1014,2,FR,0.0,1.0,Art. 4.3,A10001,2025-06-12,2025-06-16,2025-06-16,2025-06-16,2025-07-01,2025-07-01,2025-07-01,2025-07-03,2025-07-03,,,PP,0.9,YES,214.5,136,27.14,2,23,10,0,26,4,3,6,18,0,0,0,0,0,0,A10001_FR,0,0,0,0
1015,6,FR,0.0,1.0,Art. 4.3,A10001,2025-06-11,2025-06-16,2025-06-16,2025-06-16,2025-07-01,2025-07-01,2025-07-03,2025-07-03,2025-07-03,,,PP,0.9,YES,203.75,278,53.97,1,41,17,4,45,5,11,8,41,4,0,0,0,0,0,A10001_FR,0,0,0,0
1016,2,FR,0.0,1.0,Art. 4.3,A10001,2025-06-06,2025-06-16,2025-06-16,2025-06-16,2025-07-01,2025-07-01,2025-07-03,2025-07-03,2025-07-03,2025-07-11,OK,PP,1.0,YES,54.5,131,29.590000000000003,1,20,10,0,24,4,8,3,19,0,0,0,0,0,0,A10001_FR,0,0,0,0
1017,2,FR,3.0,0.835,Art. 4.3,A10001,,,,,,,,,,,,CC,0.0,NOT,35.5,164,30.35,3,24,13,2,36,5,7,4,15,4,2,0,0,0,0,A10001_FR,0,0,0,0
1018,1,FR,0.0,0.94,I,PR18_19,,,,,,,,,,,,CC,0.0,NOT,197.0,144,34.800000000000004,4,25,12,3,34,4,5,2,10,2,0,0,0,0,0,PR18_19_FR,0,0,0,0
1019,1,FR,0.0,0.68,I,PR18_19,,,,,,,,,,,,CC,0.0,NOT,408.0,201,20.850000000000005,5,36,15,1,43,6,7,14,18,2,0,0,0,0,0,PR18_19_FR,0,0,0,0
1020,10,FR,31.0,0.7390000000000001,Art. 4.3,A10001,,,,,,,,,,,,CC,0.0,NOT,360.25,389,97.14,0,51,15,4,47,0,20,12,81,3,0,0,0,0,3,A10001_FR,0,0,0,0
1021,11,FR,19.75,0.5781818181818182,Art. 4.3,A10001,,,,,,,,,,,,PP,0.0,NOT,432.0,472,92.31,0,76,25,3,73,0,26,13,74,8,0,0,0,0,4,A10001_FR,0,0,0,0
1022,1,FR,7.0,0.0,Art. 4.3,A10001,,,,,,,,,,,,CC,0.0,NOT,28.0,38,23.830000000000005,0,2,1,1,2,0,1,0,14,0,0,0,0,0,0,A10001_FR,0,0,0,0
1023,3,FR,3.5,0.81,Art. 4.3,A10001,,,,,,,,,,,,PP,0.0,NOT,120.5,154,23.0,0,27,10,0,29,0,9,7,19,2,0,0,0,0,2,A10001_FR,0,0,0,0
1024,1,FR,0.0,0.6,I,PR18_19,,,,,,,,,,,,CC,0.0,NOT,60.0,162,42.680000000000014,4,27,12,2,33,4,9,4,18,2,0,0,0,0,0,PR18_19_FR,0,0,0,0
1025,9,FR,0.0,1.0,Art. 4.3,PR18_19,2025-06-10,2025-06-13,2025-06-13,2025-06-13,2025-06-23,2025-06-23,2025-07-04,2025-07-04,2025-07-04,,,CC,0.9,YES,201.5,374,127.67,13,67,24,0,75,7,14,9,48,1,0,0,0,2,0,PR18_19_FR,0,0,0,0
1026,1,FR,0.0,1.0,Art. 4.3,A10001,2025-06-09,2025-06-13,2025-06-13,2025-06-13,2025-06-18,2025-06-18,2025-07-04,2025-07-04,2025-07-04,,,CC,0.9,YES,12.0,29,5.109999999999999,0,5,2,0,6,1,0,1,5,0,0,0,0,0,0,A10001_FR,0,0,0,0
1027,1,FR,8.0,0.85,Art. 4.3,A10001,,,,,,,,,,,,CCTN,0.0,NOT,8.0,38,23.790000000000003,0,8,2,0,7,0,1,0,6,1,0,0,0,0,0,A10001_FR,0,0,0,0
1028,1,FR,0.0,1.0,Art. 4.3,A10001,,,,,,,,,,,,CCTN,0.0,NOT,11.0,45,24.130000000000003,1,7,2,0,6,0,1,2,9,1,0,0,0,0,0,A10001_FR,0,0,0,0
1029,12,FR,0.0,1.0,Art. 4.3,A10003,2025-06-11,2025-06-12,2025-06-12,2025-06-12,2025-07-07,2025-07-07,2025-07-11,2025-07-11,2025-07-11,,,CCTN,0.9,YES,,297,106.52,0,38,24,1,49,5,16,2,47,4,8,0,0,0,0,A10003_FR,0,0,0,0
1030,2,FR,0.0,1.0,Art. 4.3,A10003,2025-06-09,2025-06-10,2025-06-10,2025-06-10,2025-07-01,2025-07-01,2025-07-03,2025-07-03,2025-07-03,,,CCTN,0.9,YES,34.75,44,20.710000000000008,0,6,4,0,8,0,1,0,10,0,0,0,0,0,0,A10003_FR,0,0,0,0
1031,8,FR,0.0,1.0,Art. 4.3,A10003,2025-07-01,,,,,,,,,,,CCTN,0.05,NOT,154.25,203,90.8,0,26,6,0,21,5,9,3,49,0,0,0,0,0,0,A10003_FR,0,0,0,0
1032,1,FR,0.0,1.0,Art. 4.3,A10003,2025-05-27,2025-06-03,2025-06-03,2025-06-03,2025-06-05,2025-06-05,2025-06-10,2025-06-10,2025-06-10,2025-06-13,OK,NC,1.0,YES,13.5,54,22.080000000000005,0,6,3,0,8,0,2,1,12,1,0,0,0,0,1,A10003_FR,0,0,0,0
1033,4,FR,0.0,1.0,Art. 4.3,A10003,2025-06-03,2025-06-09,2025-06-09,2025-06-09,2025-06-10,2025-06-10,2025-06-10,2025-06-10,2025-06-10,2025-06-17,OK,NC,1.0,YES,96.25,103,49.34,1,9,7,2,15,2,3,4,17,0,0,0,0,0,0,A10003_FR,0,0,0,0
1034,5,FR,0.0,1.0,Art. 4.3,A10003,2025-06-03,2025-06-15,2025-06-16,2025-06-17,2025-06-18,2025-06-18,2025-06-19,2025-06-19,2025-06-19,2025-07-02,OK,CCTN,1.0,YES,58.5,172,68.28999999999999,0,19,12,1,24,5,10,2,25,4,8,0,0,0,0,A10003_FR,0,0,0,0
1035,6,FR,0.0,1.0,Art. 4.3,A10003,2025-05-30,2025-06-06,2025-06-06,2025-06-06,2025-06-09,2025-06-09,2025-06-09,2025-06-09,2025-06-09,2025-06-17,OK,NC,1.0,YES,134.25,192,52.94,3,17,8,8,22,2,10,3,34,1,0,0,0,0,1,A10003_FR,0,0,0,0
1036,5,FR,0.0,1.0,Art. 4.3,A10003,2025-05-30,2025-06-18,2025-06-18,2025-06-18,2025-06-18,2025-06-18,2025-06-18,2025-06-18,2025-06-18,2025-07-01,OK,NC,1.0,YES,175.0,176,69.27000000000001,0,18,11,3,23,5,11,2,26,4,8,0,0,0,0,A10003_FR,0,0,0,0
1037,8,FR,0.0,1.0,Art. 4.3,A10003,2025-05-29,2025-06-09,2025-06-09,2025-06-09,2025-06-26,2025-06-26,2025-06-27,2025-06-27,2025-06-27,2025-07-11,OK,PP,1.0,YES,727.75,426,85.72999999999998,5,74,33,1,62,16,18,12,49,0,0,0,0,0,0,A10003_FR,0,0,0,0
1038,18,FR,0.0,0.9833333333333332,Art. 4.3,A10003,2025-07-04,,,,,,,,,,,NC,0.05,NOT,607.5,746,175.43,2,85,40,23,92,12,51,30,109,4,0,4,0,0,0,A10003_FR,0,0,0,0
1039,1,FR,0.0,1.0,Art. 4.3,A10003,2025-05-23,2025-05-26,2025-05-26,2025-05-26,2025-05-27,2025-05-27,2025-05-29,2025-05-29,2025-05-29,2025-06-24,OK,NC,1.0,YES,30.5,27,20.72,0,1,1,1,2,0,1,1,8,0,0,0,0,0,0,A10003_FR,0,0,0,0
1040,2,FR,0.0,0.5,Art. 4.3,A10003,2025-07-07,2025-07-09,2025-07-09,2025-07-09,,,,,,,,PP,0.25,NOT,224.25,76,10.660000000000002,0,13,5,1,15,0,2,4,9,1,0,0,0,0,1,A10003_FR,0,0,0,0
1041,2,FR,0.0,0.35,Art. 4.3,A10003,,,,,,,,,,,,CC,0.0,NOT,71.5,76,8.829999999999998,0,13,5,1,15,0,2,2,11,1,0,0,0,0,1,A10003_FR,0,0,0,0
1042,1,FR,0.0,1.0,Art. 4.3,A10003,,,,,,,,,,,,CC,0.0,NOT,264.25,48,9.6,0,6,5,0,12,2,3,0,5,2,0,0,0,0,0,A10003_FR,0,0,0,0
1043,2,FR,0.0,1.0,Art. 4.3,A10004,2025-06-05,2025-06-10,2025-06-10,2025-06-10,2025-07-01,2025-07-01,2025-07-03,2025-07-03,2025-07-03,,,CCTN,0.9,YES,35.0,109,22.9,2,20,6,0,21,2,4,1,17,0,0,0,0,1,0,A10004_FR,0,0,0,0
1044,1,FR,,,,,2025-06-10,2025-06-12,2025-06-12,2025-06-12,2025-07-01,2025-07-01,2025-07-03,2025-07-03,2025-07-03,,,CCTN,0.9,YES,,,,,,,,,,,,,,,,,,,,,,,
1045,3,FR,0.0,1.0,Art. 4.3,A10004,2025-05-29,2025-06-04,2025-06-04,2025-06-04,2025-06-09,2025-06-09,2025-06-09,2025-06-09,2025-06-09,2025-06-19,OK,CCTN,1.0,YES,28.75,257,187.89,3,37,13,0,41,5,11,9,33,3,0,0,0,0,2,A10004_FR,0,0,0,0
1046,1,FR,0.0,1.0,Art. 4.3,A10004,2025-05-26,2025-05-28,2025-05-28,2025-05-28,2025-06-09,2025-06-09,2025-06-09,2025-06-09,2025-06-09,2025-06-13,OK,NC,1.0,YES,48.0,26,7.75,0,3,2,1,4,1,2,0,1,1,2,0,0,0,0,A10004_FR,0,0,0,0
1047,1,FR,0.0,1.0,Art. 4.3,A10004,2025-05-27,2025-05-30,2025-05-30,2025-05-30,2025-06-09,2025-06-09,2025-06-13,2025-06-13,2025-06-13,2025-06-13,OK,NC,1.0,YES,28.0,62,19.03000000000001,1,7,4,0,9,0,2,0,15,1,0,0,0,0,0,A10004_FR,0,0,0,0
1048,1,FR,0.0,1.0,Art. 4.3,A10004,2025-05-22,2025-05-26,2025-05-26,2025-05-26,2025-05-27,2025-05-27,2025-05-29,2025-05-29,2025-05-29,2025-06-24,OK,NC,1.0,YES,15.0,22,9.989999999999998,0,1,1,1,2,0,1,1,6,0,0,0,0,0,0,A10004_FR,0,0,0,0
1049,1,FR,0.0,1.0,Art. 4.3,A10004,2025-05-22,2025-05-26,2025-05-26,2025-05-26,2025-05-27,2025-05-27,2025-05-29,2025-05-29,2025-05-29,2025-06-24,OK,NC,1.0,YES,9.75,20,8.47,0,1,1,1,2,0,1,1,5,0,0,0,0,0,0,A10004_FR,0,0,0,0
1050,1,FR,0.0,1.0,Art. 4.3,A10004,2025-05-29,2025-05-30,2025-05-30,2025-05-30,2025-06-13,2025-06-13,2025-06-16,2025-06-16,2025-06-16,2025-06-16,OK,CCTN,1.0,YES,13.5,24,7.32,0,3,2,0,4,1,1,0,2,1,2,0,0,0,0,A10004_FR,0,0,0,0
1051,1,FR,0.0,1.0,Art. 4.3,A10004,2025-06-02,2025-06-10,2025-06-10,2025-06-10,2025-06-11,2025-06-11,2025-06-11,2025-06-11,2025-06-11,2025-06-13,OK,CCTN,1.0,YES,18.0,25,9.05,0,2,1,0,2,0,0,0,9,0,0,0,0,0,0,A10004_FR,0,0,0,0
1052,1,FR,0.0,1.0,Art. 4.3,A10004,2025-06-16,,,,,,,,,,,CCTN,0.05,NOT,18.0,22,5.909999999999999,0,4,2,0,4,0,0,0,4,0,0,0,0,0,0,A10004_FR,0,0,0,0
1053,5,FR,0.0,1.0,Art. 4.3,PR01_xx,2025-06-10,2025-06-13,2025-06-13,2025-06-13,2025-07-01,2025-07-01,,,,,,CC,0.45,NOT,112.75,56,230.54,0,1,1,0,2,1,0,0,26,0,0,0,0,0,0,PR01_xx_FR,0,0,0,0
1054,6,FR,0.0,1.0,Art. 4.3,PR18_19,2025-06-05,2025-06-09,2025-06-09,2025-06-09,2025-06-11,2025-06-11,2025-06-11,2025-06-11,2025-06-11,,,CCTN,0.9,YES,86.5,45,250.23,0,1,1,1,2,1,0,0,17,0,0,0,0,0,0,PR18_19_FR,0,0,0,0
1055,1,FR,0.0,1.0,Art. 4.3,PR18_19,,,,,,,,,,,,CCTN,0.0,NOT,22.5,7,49.94,0,0,0,0,0,0,0,0,4,0,0,0,0,0,0,PR18_19_FR,0,0,0,0
1056,1,FR,0.0,1.0,Art. 4.3,A1900,2025-04-16,2025-04-22,2025-04-22,2025-04-22,2025-04-24,2025-04-24,2025-05-30,2025-05-30,2025-05-30,2025-05-21,OK,CCTN,1.0,YES,27.0,62,90.36999999999996,4,7,2,1,9,1,2,3,11,0,0,0,0,0,0,A1900_FR,0,0,0,0
1057,2,FR,0.0,1.0,Art. 4.3,A2001,2025-04-16,2025-05-06,2025-05-06,2025-05-06,2025-05-06,2025-05-06,2025-05-06,2025-05-06,2025-05-06,2025-06-19,OK,NC,1.0,YES,17.25,38,14.279999999999998,1,4,1,2,4,0,2,0,8,0,0,0,0,0,0,A2001_FR,0,0,0,0
1058,1,FR,0.0,1.0,Art. 4.3,A2001,2025-04-16,2025-05-05,2025-05-05,2025-05-05,2025-05-05,2025-05-05,2025-05-08,2025-05-08,2025-05-08,2025-06-26,OK,NC,1.0,YES,140.0,15,9.5,0,3,0,0,1,0,1,0,4,0,0,0,0,0,0,A2001_FR,0,0,0,0
1059,2,FR,0.0,1.0,Art. 4.3,A6001,2025-05-22,2025-05-26,2025-05-26,2025-05-26,2025-05-26,2025-05-26,2025-05-27,2025-05-27,2025-05-27,2025-05-29,OK,NC,1.0,YES,160.0,70,17.759999999999994,2,9,2,1,9,0,2,0,15,0,0,2,0,0,0,A6001_FR,0,0,0,0
1060,4,FR,0.0,1.0,Art. 4.3,A6001,2025-05-22,2025-05-26,2025-05-26,2025-05-26,2025-05-26,2025-05-26,2025-05-27,2025-05-27,2025-05-27,2025-07-07,OK,NC,1.0,YES,157.5,124,41.49,0,14,6,6,14,0,12,0,17,4,0,4,0,0,0,A6001_FR,0,0,0,0
1061,1,FR,0.0,1.0,Art. 4.3,A6001,2025-06-06,2025-06-12,2025-06-12,2025-06-12,2025-06-13,2025-06-13,2025-06-13,2025-06-13,2025-06-13,2025-06-24,OK,CCTN,1.0,YES,130.0,33,24.62,0,4,2,0,5,0,0,0,10,0,0,0,0,0,0,A6001_FR,0,0,0,0
1062,1,FR,0.0,1.0,Art. 4.3,A8001,2025-04-15,2025-04-22,2025-04-22,2025-04-22,2025-04-23,2025-04-23,2025-05-09,2025-05-09,2025-05-09,2025-05-12,OK,NC,1.0,YES,51.0,11,6.379999999999999,0,2,1,0,1,0,0,0,3,0,0,0,0,0,0,A8001_FR,0,0,0,0
1063,1,FR,0.0,1.0,Art. 4.3,A8004,2025-04-15,2025-04-22,2025-04-22,2025-04-22,2025-04-23,2025-04-23,2025-04-24,2025-04-24,2025-04-24,2025-06-19,OK,NC,1.0,YES,16.0,15,2.96,0,3,1,1,2,0,2,0,1,0,0,0,0,0,0,A8004_FR,0,0,0,0
1064,1,FR,0.0,1.0,Art. 4.3,A10005,,,,,,,,,,,,CC,0.0,NOT,57.0,53,20.58,1,11,3,0,11,1,2,1,6,0,0,0,0,1,0,A10005_FR,0,0,0,0
1065,2,FR,0.0,1.0,Art. 4.3,A10005,,,,,,,,,,,,CC,0.0,NOT,330.0,80,11.330000000000002,2,17,5,0,19,0,3,2,6,0,0,0,0,2,0,A10005_FR,0,0,0,0
1066,4,FR,0.0,1.0,Art. 4.3,A10005,2025-07-07,,,,,,,,,,,CCTN,0.05,NOT,412.5,232,35.099999999999994,6,45,19,0,53,1,7,6,23,3,0,0,0,0,0,A10005_FR,0,0,0,0
1067,3,FR,0.0,1.0,Art. 4.3,A10005,2025-06-26,,,,,,,,,,,CC,0.05,NOT,270.5,109,21.76,2,21,7,0,23,1,4,2,12,0,0,0,0,2,0,A10005_FR,0,0,0,0
1068,6,FR,0.0,0.9833333333333334,Art. 4.3,A10005,,,,,,,,,,,,CCTN,0.0,NOT,308.0,346,41.46,7,58,27,1,68,1,11,9,41,9,0,0,0,0,0,A10005_FR,0,0,0,0
1069,4,FR,0.0,1.0,Art. 4.3,A10005,,,,,,,,,,,,CCTN,0.0,NOT,135.5,276,17.909999999999997,8,52,22,2,62,0,8,11,26,5,0,0,0,0,0,A10005_FR,0,0,0,0
1070,1,FR,0.0,1.0,Art. 4.3,A10005,2025-07-14,,,,,,,,,,,CC,0.05,NOT,15.0,50,27.39,1,7,2,1,8,0,0,0,11,1,0,0,0,0,0,A10005_FR,0,0,0,0
1071,1,FR,0.0,0.92,Art. 4.3,A10005,,,,,,,,,,,,CC,0.0,NOT,18.0,49,21.33,1,7,2,1,8,0,0,0,10,1,0,0,0,0,0,A10005_FR,0,0,0,0
1072,2,FR,0.0,0.85,Art. 4.3,A10005,,,,,,,,,,,,CC,0.0,NOT,38.0,41,29.010000000000005,0,5,3,1,7,1,0,0,7,1,0,0,0,0,0,A10005_FR,0,0,0,0
1073,2,FR,1.0,0.94,Art. 4.3,A10005,,,,,,,,,,,,CCTN,0.0,NOT,38.0,45,44.08,0,5,3,1,7,1,0,0,9,1,0,0,0,0,0,A10005_FR,0,0,0,0
1074,3,FR,0.0,1.0,Art. 4.3,A10005,2025-07-14,,,,,,,,,,,NC,0.05,NOT,55.0,75,33.279999999999994,2,10,4,1,13,0,1,0,15,1,0,0,0,0,0,A10005_FR,0,0,0,0
1075,2,FR,0.0,1.0,Art. 4.3,A10005,2025-07-10,,,,,,,,,,,PP,0.05,NOT,18.0,14,19.31,0,1,0,0,1,0,0,0,6,0,0,0,0,0,0,A10005_FR,0,0,0,0
1076,6,FR,0.0,0.6666666666666666,Art. 4.3,A10005,2025-03-22,2025-03-28,2025-03-28,2025-03-28,2025-03-28,2025-03-28,2025-06-16,2025-06-16,2025-06-16,2025-06-24,OK,NC,1.0,YES,84.25,124,4.04,0,22,12,0,30,2,4,4,14,6,0,0,0,0,0,A10005_FR,0,0,0,0
1077,1,FR,0.0,1.0,Art. 4.3,A10005,2025-06-06,2025-06-10,2025-06-10,2025-06-10,2025-07-01,2025-07-01,2025-07-03,2025-07-03,2025-07-03,,,CCTN,0.9,YES,16.25,30,8.83,0,3,2,0,4,1,1,0,5,1,2,0,0,0,0,A10005_FR,0,0,0,0
1078,7,FR,0.0,1.0,Art. 4.3,A10005,2025-06-11,2025-07-09,2025-07-09,2025-07-09,2025-07-09,2025-07-09,2025-07-10,2025-07-10,2025-07-10,,,CCTN,0.9,YES,146.0,146,58.75000000000001,0,23,14,0,26,1,7,0,26,0,0,0,0,0,0,A10005_FR,0,0,0,0
1079,4,FR,0.0,1.0,Art. 4.3,A10005,2025-05-28,2025-05-30,2025-05-30,2025-05-30,2025-07-01,2025-07-01,2025-07-03,2025-07-03,2025-07-03,,,CCTN,0.9,YES,55.75,89,25.09,0,12,7,0,15,2,5,0,14,1,2,0,0,0,0,A10005_FR,0,0,0,0
1080,1,FR,0.0,1.0,Art. 4.3,A10005,2025-05-22,2025-05-26,2025-05-26,2025-05-26,2025-05-27,2025-05-27,2025-05-29,2025-05-29,2025-05-29,2025-06-24,OK,NC,1.0,YES,12.5,21,8.1,0,1,1,1,2,0,1,1,5,0,0,0,0,0,0,A10005_FR,0,0,0,0
1081,1,FR,0.0,1.0,Art. 4.3,A10005,2025-05-22,2025-05-26,2025-05-26,2025-05-26,2025-05-27,2025-05-27,2025-05-29,2025-05-29,2025-05-29,2025-06-24,OK,NC,1.0,YES,11.25,21,12.06,0,1,1,1,2,0,1,1,5,0,0,0,0,0,0,A10005_FR,0,0,0,0
1082,1,FR,0.0,1.0,Art. 4.3,A10005,2025-06-13,,,,,,,,,,,CCTN,0.05,NOT,16.75,20,11.06,0,2,1,0,2,0,0,0,6,0,0,0,0,0,0,A10005_FR,0,0,0,0
1083,1,FR,0.0,1.0,Art. 4.3,A10005,2025-06-18,2025-07-03,2025-07-03,2025-07-03,,,,,,,,CCTN,0.25,NOT,24.0,14,5.260000000000001,0,2,1,0,2,0,0,0,3,0,0,0,0,0,0,A10005_FR,0,0,0,0
1084,1,FR,0.0,1.0,Art. 4.3,A10005,2025-06-17,2025-07-03,2025-07-03,2025-07-03,,,,,,,,CCTN,0.25,NOT,16.25,20,6.6,0,2,1,0,2,0,0,0,6,0,0,0,0,0,0,A10005_FR,0,0,0,0
1085,1,FR,0.0,1.0,Art. 4.3,A10005,2025-05-22,2025-05-28,2025-05-28,2025-05-28,,,,,,,,CCTN,0.25,NOT,22.0,32,16.490000000000002,0,3,2,0,4,1,1,0,6,1,2,0,0,0,0,A10005_FR,0,0,0,0
1086,1,FR,0.0,1.0,Art. 4.3,A10005,2025-05-22,2025-05-27,2025-05-27,2025-05-27,2025-06-13,2025-06-13,2025-06-13,2025-06-13,2025-06-13,2025-06-13,OK,CCTN,1.0,YES,16.25,30,9.23,0,3,2,0,4,1,1,0,5,1,2,0,0,0,0,A10005_FR,0,0,0,0
1087,6,FR,0.0,1.0,Art. 4.3,A10005,2025-05-26,2025-05-30,2025-05-30,2025-05-30,2025-05-30,2025-05-30,2025-06-02,2025-06-02,2025-06-02,2025-06-19,OK,NC,1.0,YES,194.25,221,72.77000000000001,4,17,9,9,24,1,12,1,48,2,2,0,0,0,1,A10005_FR,0,0,0,0
1088,2,FR,0.0,1.0,Art. 4.3,A10005,2025-06-03,2025-06-04,2025-06-04,2025-06-04,2025-06-09,2025-06-09,2025-06-09,2025-06-09,2025-06-09,2025-06-13,OK,NC,1.0,YES,44.75,68,20.67,2,4,2,3,6,0,4,0,17,0,0,0,0,0,0,A10005_FR,0,0,0,0
1089,1,FR,0.0,1.0,Art. 4.3,A10005,2025-05-30,2025-06-09,2025-06-09,2025-06-09,2025-06-09,2025-06-09,2025-06-09,2025-06-09,2025-06-09,2025-06-13,OK,NC,1.0,YES,13.75,34,16.5,0,3,2,1,4,1,2,0,5,1,2,0,0,0,0,A10005_FR,0,0,0,0
1090,1,FR,0.0,1.0,Art. 4.3,A10005,2025-05-28,2025-05-30,2025-05-30,2025-05-30,2025-06-10,2025-06-10,2025-06-10,2025-06-10,2025-06-10,2025-06-24,OK,NC,1.0,YES,13.75,58,17.16,1,5,4,1,8,0,3,0,13,1,0,0,0,0,0,A10005_FR,0,0,0,0
1091,2,FR,0.0,1.0,Art. 4.3,A10005,2025-06-10,2025-06-17,2025-06-17,2025-06-17,2025-07-01,2025-07-01,2025-07-03,2025-07-03,2025-07-03,,,NC,0.9,YES,28.75,96,39.80999999999999,2,20,6,0,13,1,3,2,16,0,0,0,0,1,0,A10005_FR,0,0,0,0
1092,2,FR,0.0,1.0,Art. 4.3,A10005,2025-06-16,2025-06-19,2025-06-19,2025-06-19,,,,,,,,PP,0.25,NOT,40.75,80,28.66,0,7,4,1,8,1,4,2,21,0,0,0,0,0,0,A10005_FR,0,0,0,0
1093,2,FR,0.0,1.0,Art. 4.3,A10005,2025-06-18,2025-06-19,2025-06-19,2025-06-19,,,,,,,,NC,0.25,NOT,37.0,61,20.58,0,6,3,4,6,0,6,4,7,2,0,0,0,0,0,A10005_FR,0,0,0,0
1094,2,FR,0.0,1.0,Art. 4.3,A10005,2025-05-28,2025-05-30,2025-05-30,2025-05-30,,,,,,,,NC,0.25,NOT,25.0,61,20.58,0,6,3,4,6,0,6,4,7,2,0,0,0,0,0,A10005_FR,0,0,0,0
1095,2,FR,0.0,1.0,Art. 4.3,A10005,2025-06-04,2025-06-20,2025-06-20,2025-06-20,2025-07-01,2025-07-01,2025-07-03,2025-07-03,2025-07-03,2025-07-11,OK,NC,1.0,YES,82.5,69,29.26,0,6,3,4,6,0,6,4,11,2,0,0,0,0,0,A10005_FR,0,0,0,0
1096,2,FR,0.0,1.0,Art. 4.3,A10005,2025-06-09,2025-06-25,2025-06-25,2025-06-25,2025-07-01,2025-07-01,2025-07-03,2025-07-03,2025-07-03,2025-07-11,OK,NC,1.0,YES,65.5,69,34.67,0,6,3,4,6,0,6,4,11,2,0,0,0,0,0,A10005_FR,0,0,0,0
1097,2,FR,0.0,1.0,Art. 4.3,A10005,2025-06-17,2025-06-26,2025-06-26,2025-06-26,,,,,,,,NC,0.25,NOT,224.25,61,20.58,0,6,3,4,6,0,6,4,7,2,0,0,0,0,0,A10005_FR,0,0,0,0
1098,2,FR,0.0,1.0,Art. 4.3,A10005,2025-06-17,,,,,,,,,,,NC,0.05,NOT,199.75,61,20.58,0,6,3,4,6,0,6,4,7,2,0,0,0,0,0,A10005_FR,0,0,0,0
1099,2,FR,0.0,0.8,Art. 4.3,PR18_19,2025-06-11,2025-06-12,2025-06-12,2025-06-12,2025-07-01,2025-07-01,2025-07-03,2025-07-03,2025-07-03,,,CCTN,0.9,YES,18.75,3,6.69,0,1,0,0,1,0,0,0,0,0,0,0,0,0,0,PR18_19_FR,0,0,0,0
1100,3,FR,0.0,1.0,Art. 4.3,PR18_19,2025-06-25,,,,,,,,,,,CCTN,0.05,NOT,40.0,118,151.66,2,14,4,1,17,7,13,4,14,0,0,0,0,0,0,PR18_19_FR,0,0,0,0
1101,1,FR,0.0,1.0,Art. 4.3,PR18_19,,,,,,,,,,,,CCTN,0.0,NOT,12.5,8,55.510000000000005,0,0,0,0,0,0,0,0,4,0,0,0,0,0,0,PR18_19_FR,0,0,0,0
1102,1,FR,0.0,1.0,Art. 4.3,PR18_19,2025-06-04,2025-06-06,2025-06-06,2025-06-06,2025-06-10,2025-06-10,2025-06-10,2025-06-10,2025-06-10,2025-06-17,OK,NC,1.0,YES,12.5,140,178.58999999999992,3,16,9,0,24,8,6,2,12,1,0,0,0,0,0,PR18_19_FR,0,0,0,0
1103,1,FR,0.0,1.0,Art. 4.3,A10001,2025-05-23,2025-05-26,2025-05-26,2025-05-26,2025-05-27,2025-05-27,2025-05-29,2025-05-29,2025-05-29,2025-06-26,OK,NC,1.0,YES,7.5,49,6.119999999999999,0,10,3,0,10,0,2,1,6,1,0,0,0,0,1,A10001_FR,0,0,0,0
1104,1,FR,0.0,1.0,Art. 4.3,PR18_19,2025-05-30,2025-06-03,2025-06-03,2025-06-03,2025-06-11,2025-06-11,2025-06-11,2025-06-11,2025-06-11,2025-07-01,OK,CCTN,1.0,YES,35.75,89,163.08999999999995,2,9,2,1,9,3,2,4,14,0,0,0,0,0,0,PR18_19_FR,0,0,0,0
1105,1,FR,0.0,1.0,Art. 4.3,PR18_19,2025-04-08,,,,,,,,,,,CCTN,0.05,NOT,58.0,7,58.2,0,0,0,0,0,0,0,0,4,0,0,0,0,0,0,PR18_19_FR,0,0,0,0
1106,1,FR,0.0,1.0,Art. 4.3,PR18_19,2025-04-26,2025-05-12,2025-05-12,2025-05-12,2025-05-14,2025-05-14,2025-05-14,2025-05-14,2025-05-14,2025-05-22,OK,NC,1.0,YES,69.75,7,7.17,0,1,0,0,1,0,0,0,2,0,0,0,0,0,0,PR18_19_FR,0,0,0,0
1107,1,FR,0.0,1.0,Art. 4.3,PR18_19,2025-04-26,2025-05-12,2025-05-12,2025-05-12,2025-05-14,2025-05-14,2025-05-14,2025-05-15,2025-05-16,2025-05-22,OK,NC,1.0,YES,155.0,7,6.5600000000000005,0,1,0,0,1,0,0,0,2,0,0,0,0,0,0,PR18_19_FR,0,0,0,0
1108,2,FR,0.0,1.0,Art. 4.3,PR18_19,2025-06-06,2025-06-24,2025-06-24,2025-06-24,2025-07-01,2025-07-01,2025-07-03,2025-07-03,2025-07-03,2025-07-11,OK,NC,1.0,YES,46.5,83,60.81,0,6,3,0,8,4,2,0,16,0,0,0,0,0,0,PR18_19_FR,0,0,0,0
1109,7,FR,0.0,1.0,Art. 4.3,PR18_19,2025-06-06,2025-06-27,2025-06-27,2025-06-27,2025-07-02,2025-07-02,2025-07-03,2025-07-03,2025-07-03,,,NC,0.9,YES,268.0,204,215.85,7,28,4,0,25,8,21,0,18,2,0,0,0,0,0,PR18_19_FR,0,0,0,0
1110,1,FR,0.0,1.0,Art. 4.3,A10001,2025-03-20,2025-04-08,2025-04-08,2025-04-08,2025-04-11,2025-04-11,2025-04-11,2025-04-11,2025-04-11,2025-05-21,OK,CC,1.0,YES,6.0,29,1.59,2,6,2,0,7,0,2,0,1,0,0,0,0,0,0,A10001_FR,0,0,0,0
2001,1,FR,0.0,0.89,I,A10001,2025-07-01,,,,,,,,,,,NC,0.05,NOT,43.5,23,8.04,0,4,1,0,4,0,0,0,5,1,0,0,0,0,0,A10001_FR,0,0,0,0
2002,1,FR,2.0,0.6,Art. 4.3,A10001,,,,,,,,,,,,NC,0.0,NOT,24.0,14,7.17,0,1,0,0,1,0,0,0,5,1,0,0,0,0,0,A10001_FR,0,0,0,0
2003,1,FR,0.0,1.0,I,A10001,,,,,,,,,,,,NC,0.0,NOT,12.0,21,17.74,0,1,0,0,0,0,0,1,9,0,0,0,0,0,0,A10001_FR,0,0,0,0
2004,7,FR,2.0,0.8600000000000001,Art. 4.3,A10001,,,,,,,,,,,,NC,0.0,NOT,,140,53.91,0,13,0,0,12,1,7,0,42,0,0,0,0,0,0,A10001_FR,0,0,0,0
2005,1,FR,0.0,1.0,Art. 4.3,A10001,2025-05-13,2025-05-16,2025-05-16,2025-05-16,2025-05-16,2025-05-16,2025-05-16,2025-05-16,2025-05-16,2025-05-23,OK,CC,1.0,YES,46.0,8,0.44,0,1,1,0,2,0,0,0,1,1,0,0,0,0,0,A10001_FR,0,0,0,0
2006,1,FR,0.0,0.7,Art. 4.3,A10001,,,,,,,,,,,,NC,0.0,NOT,4.0,14,3.72,0,1,0,0,1,0,0,0,6,0,0,0,0,0,0,A10001_FR,0,0,0,0
2007,1,FR,0.0,1.0,Art. 4.3,A10001,2025-05-12,2025-05-15,2025-05-15,2025-05-15,2025-05-15,2025-05-15,2025-05-15,2025-05-15,2025-05-15,2025-05-15,OK,NC,1.0,YES,22.0,8,1.73,0,1,0,0,1,0,0,0,3,0,0,0,0,0,0,A10001_FR,0,0,0,0
2008,4,FR,10.0,0.955,I,A10001,,,,,,,,,,,,PP,0.0,NOT,263.0,85,58.19,0,8,3,0,10,2,4,4,17,1,0,0,0,0,0,A10001_FR,0,0,0,0
2009,1,FR,0.0,1.0,I,A10001,2025-07-04,,,,,,,,,,,NC,0.05,NOT,127.5,86,4.619999999999999,1,16,8,0,18,1,3,1,9,1,0,0,0,0,0,A10001_FR,0,0,0,0
2010,1,FR,0.0,1.0,I,A10001,2025-04-03,2025-04-10,2025-04-10,2025-04-10,,,,,,,,NC,0.25,NOT,30.0,15,21.62,0,2,0,0,2,0,0,1,5,0,0,0,0,0,0,A10001_FR,0,0,0,0
2011,1,FR,0.0,1.0,I,A10001,,,,,,,,,,,,NC,0.0,NOT,44.0,14,7.26,0,1,0,0,1,0,0,1,5,0,0,0,0,0,0,A10001_FR,0,0,0,0
2012,1,FR,0.0,1.0,Art. 4.3,A10001,,,,,,,,,,,,NC,0.0,NOT,23.0,6,0.1,1,1,1,0,2,0,0,0,0,0,0,0,0,0,0,A10001_FR,0,0,0,0
2013,1,FR,4.0,0.63,I,A10001,,,,,,,,,,,,NC,0.0,NOT,63.0,13,23.110000000000003,0,1,0,0,1,0,0,1,5,0,0,0,0,0,0,A10001_FR,0,0,0,0
2014,1,FR,0.0,0.98,I,A10001,,,,,,,,,,,,NC,0.0,NOT,78.0,10,22.47,0,1,0,0,1,0,0,1,3,0,0,0,0,0,0,A10001_FR,0,0,0,0
2015,2,FR,4.0,0.77,I,A10001,,,,,,,,,,,,NC,0.0,NOT,174.0,85,32.60000000000001,0,10,3,0,10,2,3,1,19,1,0,0,0,0,0,A10001_FR,0,0,0,0
2016,1,FR,2.0,0.45,I,A10001,,,,,,,,,,,,NC,0.0,NOT,92.0,9,3.9,0,1,0,0,1,0,0,1,2,0,0,0,0,0,0,A10001_FR,0,0,0,0
2017,1,FR,4.0,0.4,I,A10001,,,,,,,,,,,,NC,0.0,NOT,108.0,11,7.289999999999999,0,1,0,0,1,0,0,1,4,0,0,0,0,0,0,A10001_FR,0,0,0,0
2018,2,FR,0.0,1.0,I,A10001,,,,,,,,,,,,NC,0.0,NOT,324.0,50,10.299999999999995,0,4,3,0,6,1,1,2,11,1,0,0,0,0,0,A10001_FR,0,0,0,0
2019,1,FR,6.0,0.88,I,A10001,,,,,,,,,,,,NC,0.0,NOT,136.0,13,9.99,0,1,0,0,1,0,0,1,5,0,0,0,0,0,0,A10001_FR,0,0,0,0
2020,1,FR,0.0,1.0,I,A10001,,,,,,,,,,,,NC,0.0,NOT,4.5,13,16.39,0,1,0,0,1,0,0,1,5,0,0,0,0,0,0,A10001_FR,0,0,0,0
2021,1,FR,0.0,0.93,I,A10001,,,,,,,,,,,,NC,0.0,NOT,24.0,14,18.68,0,1,0,0,1,0,0,1,5,0,0,0,0,0,0,A10001_FR,0,0,0,0
2022,1,FR,0.0,1.0,I,A10001,2025-04-03,2025-04-28,2025-04-28,2025-04-28,,,,,,,,NC,0.25,NOT,46.0,16,15.38,0,1,0,0,1,0,0,1,6,0,0,0,0,0,0,A10001_FR,0,0,0,0
2023,1,FR,0.0,1.0,I,A10001,,,,,,,,,,,,NC,0.0,NOT,9.0,12,14.91,0,1,0,0,1,0,0,1,4,0,0,0,0,0,0,A10001_FR,0,0,0,0
2024,4,FR,0.0,0.915,I,A10001,2025-07-09,,,,,,,,,,,NC,0.05,NOT,463.0,123,50.69000000000001,0,10,6,0,13,2,3,4,24,2,0,0,0,0,0,A10001_FR,0,0,0,0
2025,1,FR,0.0,1.0,I,A10001,2025-04-01,2025-04-07,2025-04-07,2025-04-07,,,,,,,,NC,0.25,NOT,10.5,16,12.97,0,1,0,0,1,0,0,1,6,0,0,0,0,0,0,A10001_FR,0,0,0,0
2026,1,FR,0.0,1.0,I,A10001,,,,,,,,,,,,NC,0.0,NOT,172.25,18,19.29,0,0,0,0,0,0,0,1,7,0,0,1,0,0,0,A10001_FR,0,0,0,0
2027,1,FR,0.0,0.88,I,A10001,,,,,,,,,,,,NC,0.0,NOT,12.0,17,7.82,0,3,0,0,2,0,0,1,5,0,0,0,0,0,0,A10001_FR,0,0,0,0
2028,1,FR,0.0,0.0,I,A10001,2025-06-18,,,,,,,,,,,NC,0.05,NOT,174.0,12,22.03,0,1,0,0,1,0,0,1,4,0,0,0,0,0,0,A10001_FR,0,0,0,0
2029,2,FR,0.0,1.0,I,A10001,2025-06-10,2025-06-23,2025-06-23,2025-06-23,2025-07-02,2025-07-02,2025-07-04,2025-07-04,2025-07-04,,,NC,0.9,YES,194.0,64,41.0,0,5,3,0,6,1,1,1,17,1,0,0,0,0,0,A10001_FR,0,0,0,0
2030,1,HT,0.0,0.97,I,A10001,,,,,,,,,,,,,0.0,NOT,0.0,0,0.0,0,0,0,0,0,0,0,0,0,0,0,0,0,0,0,A10001_HT,0,0,0,0
2031,1,FR,0.0,1.0,Art. 4.3,A10001,,,,,,,,,,,,PP,0.0,NOT,127.0,36,15.23,0,4,3,0,5,1,0,0,7,1,0,0,0,0,0,A10001_FR,0,0,0,0
2032,1,FR,0.75,0.4,Art. 4.3,A10001,,,,,,,,,,,,NC,0.0,NOT,26.0,22,8.870000000000001,0,3,1,0,3,0,0,1,6,0,0,0,0,0,0,A10001_FR,0,0,0,0
2033,1,FR,0.0,1.0,Art. 4.3,PR18_19,,2025-06-30,2025-06-30,2025-06-30,,,,,,,,NC,0.2,NOT,34.5,115,30.93000000000001,1,19,9,0,21,2,4,1,16,1,0,0,0,0,0,PR18_19_FR,0,0,0,0
2034,1,FR,0.0,1.0,I,A10003,,,,,,,,,,,,NC,0.0,NOT,63.0,10,2.13,1,3,1,0,3,0,0,0,0,0,0,0,0,0,0,A10003_FR,0,0,0,0
2035,1,FR,0.0,0.99,I,A10003,2025-07-01,,,,,,,,,,,NC,0.05,NOT,87.0,51,30.53,0,4,3,0,6,1,1,1,11,1,0,0,0,0,0,A10003_FR,0,0,0,0
2036,3,FR,0.0,1.0,I,A10003,2025-07-02,,,,,,,,,,,NC,0.05,NOT,335.0,137,86.74000000000001,0,10,3,0,11,1,4,1,39,1,0,0,0,0,0,A10003_FR,0,0,0,0
2037,1,FR,0.0,1.0,I,A10003,,,,,,,,,,,,NC,0.0,NOT,6.0,8,8.09,0,1,0,0,1,0,0,1,2,0,0,0,0,0,0,A10003_FR,0,0,0,0
2038,1,FR,0.0,0.9,I,A10003,2025-07-07,,,,,,,,,,,NC,0.05,NOT,16.5,14,11.92,0,3,0,0,2,0,0,1,3,0,0,0,0,0,0,A10003_FR,0,0,0,0
2039,1,FR,0.0,0.87,I,A10003,,,,,,,,,,,,NC,0.0,NOT,9.5,16,14.03,0,1,0,0,1,0,0,1,6,0,0,0,0,0,0,A10003_FR,0,0,0,0
2040,1,FR,0.0,0.94,I,A10003,,,,,,,,,,,,NC,0.0,NOT,4.0,12,17.1,0,1,0,0,0,0,0,2,4,0,0,0,0,0,0,A10003_FR,0,0,0,0
2041,1,FR,0.0,1.0,I,A10003,2025-04-01,2025-05-28,2025-05-28,2025-05-28,2025-05-09,2025-05-09,2025-05-09,2025-05-09,2025-05-09,2025-05-22,OK,NC,1.0,YES,92.5,14,3.83,0,3,0,0,2,0,0,1,3,0,0,0,0,0,0,A10003_FR,0,0,0,0
2042,1,FR,0.0,1.0,I,A10003,2025-04-01,2025-04-16,2025-04-16,2025-04-16,,,,,,,,NC,0.25,NOT,18.0,8,13.5,0,1,0,0,0,0,0,2,2,0,0,0,0,0,0,A10003_FR,0,0,0,0
2043,1,FR,0.0,1.0,Art. 4.3,A10003,,,,,,,,,,,,PP,0.0,NOT,38.0,12,1.25,0,2,1,0,2,0,0,0,2,0,0,0,0,0,0,A10003_FR,0,0,0,0
2044,2,FR,0.0,1.0,I,A10003,2025-07-01,,,,,,,,,,,NC,0.05,NOT,46.0,37,5.98,0,7,2,0,7,0,1,1,6,1,0,0,0,0,0,A10003_FR,0,0,0,0
2045,1,FR,0.0,1.0,Art. 4.3,A10003,2025-06-11,,,,,,,,,,,NC,0.05,NOT,12.0,4,0.68,0,1,0,0,1,0,0,0,1,0,0,0,0,0,0,A10003_FR,0,0,0,0
2046,1,FR,0.0,1.0,Art. 4.3,A10004,2025-05-14,2025-05-16,2025-05-16,2025-05-16,2025-05-16,2025-05-16,,,,,,NC,0.45,NOT,54.75,74,22.48,0,11,4,1,12,0,3,3,14,3,0,0,0,0,0,A10004_FR,0,0,0,0
2047,2,FR,0.0,1.0,Art. 4.3,A10004,2025-03-21,2025-05-28,2025-05-28,2025-05-28,2025-05-05,2025-05-05,2025-05-05,2025-05-05,2025-05-05,2025-05-05,OK,NC,1.0,YES,87.5,62,1.92,0,13,7,0,16,1,3,0,5,2,0,0,0,0,0,A10004_FR,0,0,0,0
2048,1,FR,0.0,1.0,Art. 4.3,A10004,2025-06-16,2025-06-19,2025-06-19,2025-06-19,2025-07-02,2025-07-02,2025-07-04,2025-07-04,2025-07-04,,,NC,0.9,YES,6.0,10,0.95,1,3,1,0,3,0,0,0,0,0,0,0,0,0,0,A10004_FR,0,0,0,0
2049,1,FR,0.0,0.0,I,A10004,2025-06-06,2025-06-18,2025-06-18,2025-06-18,2025-06-27,2025-06-27,2025-06-27,2025-06-27,2025-06-27,2025-07-02,OK,NC,1.0,YES,66.0,12,7.75,0,1,0,0,1,0,0,1,4,0,0,0,0,0,0,A10004_FR,0,0,0,0
2050,1,FR,0.0,1.0,I,A2001,2025-04-15,2025-04-22,2025-04-22,2025-04-22,2025-04-23,2025-04-23,2025-05-05,2025-05-05,2025-05-05,2025-05-22,OK,NC,1.0,YES,10.5,18,22.290000000000003,0,1,0,0,1,0,0,1,8,0,0,0,0,0,0,A2001_FR,0,0,0,0
2051,4,FR,6.5,0.7525000000000001,I,A10005,,,,,,,,,,,,NC,0.0,NOT,122.25,111,18.770000000000003,0,9,7,0,13,3,9,4,22,1,0,0,0,0,0,A10005_FR,0,0,0,0
2052,2,FR,1.0,0.79,I,A10005,,,,,,,,,,,,NC,0.0,NOT,28.0,53,7.59,0,6,4,0,8,2,3,3,9,0,0,0,0,0,0,A10005_FR,0,0,0,0
2053,2,FR,1.0,0.64,I,A10005,,,,,,,,,,,,NC,0.0,NOT,36.75,51,8.950000000000001,0,6,4,0,8,2,3,3,8,0,0,0,0,0,0,A10005_FR,0,0,0,0
2054,1,FR,0.0,0.0,I,A10005,,,,,,,,,,,,NC,0.0,NOT,27.0,70,8.47,3,16,5,0,17,0,2,3,8,0,0,0,0,0,0,A10005_FR,0,0,0,0
2055,1,FR,0.0,0.0,I,A10005,,,,,,,,,,,,PP,0.0,NOT,78.0,68,8.5,3,16,5,0,17,0,2,4,8,0,0,0,0,0,0,A10005_FR,0,0,0,0
2056,1,FR,0.0,0.0,I,A10005,2025-06-27,,,,,,,,,,,NC,0.05,NOT,31.0,69,11.76,3,16,5,0,17,0,2,3,8,0,0,0,0,0,0,A10005_FR,0,0,0,0
2057,1,FR,0.0,0.0,I,A10005,2025-06-06,2025-06-18,2025-06-18,2025-06-18,2025-06-26,2025-06-26,2025-07-02,2025-07-02,2025-07-02,2025-07-07,OK,NC,1.0,YES,8.0,12,7.050000000000001,0,1,0,0,1,0,0,1,4,0,0,0,0,0,0,A10005_FR,0,0,0,0
2058,1,FR,0.0,1.0,Art. 4.3,A10005,2025-07-01,,,,,,,,,,,PP,0.05,NOT,21.75,69,15.500000000000004,0,12,5,0,15,0,3,1,9,2,0,0,0,0,0,A10005_FR,0,0,0,0
2059,2,FR,0.75,0.965,Art. 4.3,A10001,,,,,,,,,,,,PP,0.0,NOT,27.0,16,10.51,0,0,0,0,0,0,0,0,8,0,0,0,0,0,0,A10001_FR,0,0,0,0
2060,1,FR,0.0,1.0,Art. 4.3,A10005,2025-07-07,,,,,,,,,,,NC,0.05,NOT,0.0,0,0.0,0,0,0,0,0,0,0,0,0,0,0,0,0,0,0,A10005_FR,0,0,0,0
2061,1,FR,5.5,0.73,Art. 4.3,A10003,,,,,,,,,,,,CCTN,0.0,NOT,0.0,0,0.0,0,0,0,0,0,0,0,0,0,0,0,0,0,0,0,A10003_FR,0,0,0,0
A-10111,1,VT,0.0,0.0,,A10001,,,,,,,,,,,,CC,0.0,NOT,,,,,,,,,,,,,,,,,,,A10001_VT,,,,
A-10121,1,VT,0.0,0.0,,A10001,,,,,,,,,,,,CC,0.0,NOT,,,,,,,,,,,,,,,,,,,A10001_VT,,,,
D-10210,5,VT,0.0,1.0,,A10001,2025-04-09,2025-04-09,2025-04-09,2025-04-09,2025-04-09,2025-04-14,2025-04-14,2025-04-14,2025-04-14,2025-05-21,OK,CC,1.0,YES,,,,,,,,,,,,,,,,,,,A10001_VT,,,,
D-10530,16,VT,0.0,0.0,,A10003,2025-03-31,2025-05-05,2025-05-05,2025-05-05,2025-04-03,2025-04-03,2025-04-03,2025-04-03,2025-04-03,2025-06-24,OK,CC,1.0,YES,,,,,,,,,,,,,,,,,,,A10003_VT,,,,
D-10550,15,VT,0.0,0.0,,A10003,2025-03-31,2025-05-05,2025-05-05,2025-05-05,2025-04-03,2025-04-03,2025-04-03,2025-04-03,2025-04-03,2025-06-24,OK,CC,1.0,YES,,,,,,,,,,,,,,,,,,,A10003_VT,,,,
I-10220,7,VT,0.0,1.0,,A10001,2025-04-09,2025-04-09,2025-04-09,2025-04-09,2025-04-09,2025-04-14,2025-04-14,2025-04-14,2025-04-14,2025-05-21,OK,CC,1.0,YES,,,,,,,,,,,,,,,,,,,A10001_VT,,,,
I-10395,1,VT,0.0,1.0,,A10001,2025-04-01,2025-04-01,2025-04-01,2025-04-01,2025-04-01,2025-04-01,2025-04-04,2025-04-04,2025-04-04,2025-06-04,OK,CC,1.0,YES,,,,,,,,,,,,,,,,,,,A10001_VT,,,,
I-10426,2,VT,0.0,1.0,,A10001,2025-04-01,2025-04-04,2025-04-04,2025-04-04,2025-04-04,2025-04-04,2025-04-04,2025-04-04,2025-04-04,2025-06-04,OK,CC,1.0,YES,,,,,,,,,,,,,,,,,,,A10001_VT,,,,
I-10545,0,VT,0.0,0.0,,A10003,,,,,,,,,,,,,0.0,NOT,,,,,,,,,,,,,,,,,,,A10003_VT,,,,
I-10615,1,VT,0.0,1.0,,A10005,2025-03-27,2025-04-01,2025-04-01,2025-04-01,2025-04-01,2025-04-16,2025-04-16,2025-04-16,2025-04-16,2025-05-21,OK,CC,1.0,YES,,,,,,,,,,,,,,,,,,,A10005_VT,,,,
I-10856,1,VT,0.0,1.0,,A10005,2025-03-29,2025-04-01,2025-04-01,2025-04-01,2025-04-01,2025-04-01,2025-04-01,2025-04-01,2025-04-01,2025-06-04,OK,CC,1.0,YES,,,,,,,,,,,,,,,,,,,A10005_VT,,,,
I-1657,1,VT,0.0,0.78,,A10005,2025-03-27,2025-03-29,2025-03-29,2025-03-29,2025-03-29,2025-03-29,2025-04-01,2025-04-01,2025-04-01,2025-07-04,OK,CC,1.0,YES,,,,,,,,,,,,,,,,,,,A10005_VT,,,,
K-10310,5,VT,0.0,1.0,,A10001,2025-04-01,2025-04-04,2025-04-04,2025-04-04,2025-04-04,2025-04-04,2025-04-04,2025-04-04,2025-04-04,2025-06-04,OK,CC,1.0,YES,,,,,,,,,,,,,,,,,,,A10001_VT,,,,
R-10130,4,VT,0.0,0.0,,A10001,,,,,,,,,,,,CC,0.0,NOT,,,,,,,,,,,,,,,,,,,A10001_VT,,,,
R-10230,3,VT,0.0,0.0,,A10001,,,,,,,,,,,,CC,0.0,NOT,,,,,,,,,,,,,,,,,,,A10001_VT,,,,
R-10350,4,VT,0.0,1.0,,A10001,2025-04-07,2025-04-07,2025-04-07,2025-04-07,2025-04-07,2025-04-14,2025-04-14,2025-04-14,2025-04-14,2025-05-21,OK,CC,1.0,YES,,,,,,,,,,,,,,,,,,,A10001_VT,,,,
R-10360,2,VT,0.0,1.0,,A10001,2025-04-07,2025-04-07,2025-04-07,2025-04-07,2025-04-07,2025-04-14,2025-04-14,2025-04-14,2025-04-14,2025-05-21,OK,PP,1.0,YES,,,,,,,,,,,,,,,,,,,A10001_VT,,,,
R-10370,3,VT,0.0,1.0,,A10001,2025-04-07,2025-04-07,2025-04-07,2025-04-07,2025-04-07,2025-04-14,2025-04-14,2025-04-14,2025-04-14,2025-05-21,OK,CC,1.0,YES,,,,,,,,,,,,,,,,,,,A10001_VT,,,,
R-10420,1,VT,0.0,1.0,,A10001,2025-04-07,2025-04-07,2025-04-07,2025-04-07,2025-04-07,2025-04-14,2025-04-14,2025-04-14,2025-04-14,2025-05-21,OK,CC,1.0,YES,,,,,,,,,,,,,,,,,,,A10001_VT,,,,
R-10450,3,VT,0.0,1.0,,A10001,2025-04-07,2025-04-16,2025-04-16,2025-04-16,2025-04-16,2025-04-16,2025-04-16,2025-04-16,2025-04-16,2025-05-21,OK,CC,1.0,YES,,,,,,,,,,,,,,,,,,,A10001_VT,,,,
R-10460,3,VT,0.0,1.0,,A10001,2025-04-07,2025-04-07,2025-04-07,2025-04-07,2025-04-07,2025-04-14,2025-04-14,2025-04-14,2025-04-14,2025-05-05,OK,CC,1.0,YES,,,,,,,,,,,,,,,,,,,A10001_VT,,,,
R-10540,5,VT,0.0,1.0,,A10003,2025-03-31,2025-04-01,2025-04-01,2025-04-01,2025-04-01,2025-04-01,2025-04-01,2025-04-01,2025-04-01,2025-06-04,OK,CC,1.0,YES,,,,,,,,,,,,,,,,,,,A10003_VT,,,,
R-10560,6,VT,0.0,0.9888888888888888,,A10003,2025-03-25,2025-03-25,2025-03-25,2025-03-25,2025-03-25,2025-03-25,2025-04-01,2025-04-01,2025-04-01,2025-06-24,OK,CC,1.0,YES,,,,,,,,,,,,,,,,,,,A10003_VT,,,,
R-10610,4,VT,0.0,0.8033333333333332,,A10005,2025-03-27,2025-03-27,2025-03-27,2025-03-27,2025-03-27,2025-03-27,2025-04-01,2025-04-01,2025-04-01,2025-06-24,OK,CC,1.0,YES,,,,,,,,,,,,,,,,,,,A10005_VT,,,,
R-10810,3,VT,0.0,1.0,,A10001,2025-04-07,2025-04-14,2025-04-14,2025-04-14,2025-04-14,2025-04-14,2025-04-14,2025-04-14,2025-04-14,2025-05-21,OK,PP,1.0,YES,,,,,,,,,,,,,,,,,,,A10001_VT,,,,
R-10850,4,VT,0.0,1.0,,A10005,2025-03-29,2025-03-29,2025-03-29,2025-03-29,2025-03-29,2025-03-29,2025-04-01,2025-04-01,2025-04-01,2025-06-04,OK,CC,1.0,YES,,,,,,,,,,,,,,,,,,,A10005_VT,,,,
R-10860,10,VT,0.0,1.0,,A10001,2025-04-07,2025-04-07,2025-04-07,2025-04-07,2025-04-07,2025-04-07,2025-04-14,2025-04-14,2025-04-14,2025-05-21,OK,NC,1.0,YES,,,,,,,,,,,,,,,,,,,A10001_VT,,,,
R-10880,5,VT,0.0,1.0,,A10004,2025-03-27,2025-03-27,2025-03-27,2025-03-27,2025-03-27,2025-03-27,2025-04-01,2025-04-01,2025-04-01,2025-05-21,OK,CC,1.0,YES,,,,,,,,,,,,,,,,,,,A10004_VT,,,,
R-10890,5,VT,0.0,1.0,,A10003,2025-03-31,2025-04-01,2025-04-01,2025-04-01,2025-04-01,2025-04-01,2025-04-14,2025-04-14,2025-04-14,2025-05-21,OK,NC,1.0,YES,,,,,,,,,,,,,,,,,,,A10003_VT,,,,
R-1550,4,VT,0.0,1.0,,A10004,2025-03-29,2025-03-29,2025-03-29,2025-03-29,2025-03-29,2025-03-29,2025-04-01,2025-04-01,2025-04-01,2025-06-04,OK,NC,1.0,YES,,,,,,,,,,,,,,,,,,,A10004_VT,,,,
R-1650,3,VT,0.0,0.8130000000000001,,A10005,2025-03-27,2025-03-27,2025-03-27,2025-03-27,2025-03-27,2025-03-27,2025-04-01,2025-04-01,2025-04-01,2025-06-24,OK,CC,1.0,YES,,,,,,,,,,,,,,,,,,,A10005_VT,,,,
R-8353,1,VT,0.0,0.0,,A8003,,2025-03-24,2025-03-25,2025-03-26,2025-03-27,2025-03-28,,,,,,NC,0.4,NOT,,,,,,,,,,,,,,,,,,,A8003_VT,,,,
S-10424,1,VT,0.0,0.0,,A10001,,2025-03-24,2025-03-24,2025-03-24,2025-03-24,2025-03-24,,,,,,CC,0.4,NOT,,,,,,,,,,,,,,,,,,,A10001_VT,,,,
S-10425,1,VT,0.0,1.0,,A10001,,,,,,,,,,,,CC,0.0,NOT,,,,,,,,,,,,,,,,,,,A10001_VT,,,,
S-10520,7,VT,0.0,1.0,,A10003,2025-04-07,2025-04-14,2025-04-14,2025-04-14,2025-04-14,2025-04-14,2025-04-14,2025-04-14,2025-04-14,2025-05-21,OK,CC,1.0,YES,,,,,,,,,,,,,,,,,,,A10003_VT,,,,
UXX-837,2,VT,0.0,1.0,,A8003,2025-04-02,2025-04-04,2025-04-04,2025-04-04,2025-04-04,2025-04-04,2025-04-04,2025-04-04,2025-04-04,2025-06-04,OK,CCTN,1.0,YES,,,,,,,,,,,,,,,,,,,A8003_VT,,,,
UXX-838,2,VT,0.0,1.0,,A8003,2025-05-26,2025-05-28,2025-05-28,2025-05-28,2025-05-28,2025-05-28,2025-05-28,2025-05-28,2025-05-28,2025-05-29,OK,CCTN,1.0,YES,,,,,,,,,,,,,,,,,,,A8003_VT,,,,
